Plan_ID,Issuer_ID,State,Issuer_Name,Plan_Type,Metal_Level,Exchange_Type,Individual/SHOP,ML_Anomaly_Score,ML_Anomaly_Severity,Evidence_Count,Evidence_Severity,Evidence_Types,Evidence_Features,Evidence_Details,Evidence_Summary
29418TX0140100,29418,TX,Celtic Insurance Company,EPO,Silver,FFE,Individual,0.0291761950078528,HIGH,0,LOW,{},[],[],
29418TX0140102,29418,TX,Celtic Insurance Company,EPO,Gold,FFE,Individual,0.0006676843649682,HIGH,0,LOW,{},[],[],
29418TX0140108,29418,TX,Celtic Insurance Company,EPO,Silver,FFE,Individual,0.0448552789047217,HIGH,0,LOW,{},[],[],
30252FL0070035,30252,FL,"Health Options, Inc.",HMO,Silver,FFE,Individual,0.0035570185691981,HIGH,1,MEDIUM,"{""MISSINGNESS"": 1}","[""Total_Important_Missing_Count""]","[{""type"": ""MISSINGNESS"", ""feature"": ""Total_Important_Missing_Count"", ""message"": ""1 important data fields are missing or unavailable."", ""value"": 1.0}]",1 important data fields are missing or unavailable.
30252FL0070056,30252,FL,"Health Options, Inc.",HMO,Gold,FFE,Individual,0.0020571732309858,HIGH,2,MEDIUM,"{""MISSINGNESS"": 2}","[""Total_Important_Missing_Count"", ""Important_Missing_Rate""]","[{""type"": ""MISSINGNESS"", ""feature"": ""Total_Important_Missing_Count"", ""message"": ""8 important data fields are missing or unavailable."", ""value"": 8.0}, {""type"": ""MISSINGNESS"", ""feature"": ""Important_Missing_Rate"", ""message"": ""Important missingness rate is 28.6%."", ""value"": 0.2857142857142857}]",8 important data fields are missing or unavailable. Important missingness rate is 28.6%.
30252FL0070070,30252,FL,"Health Options, Inc.",HMO,Silver,FFE,Individual,0.0001792550719136,HIGH,0,LOW,{},[],[],
30751MT0550056,30751,MT,Blue Cross and Blue Shield of Montana,PPO,Catastrophic,SPE,Individual,0.0024132057668497,HIGH,2,MEDIUM,"{""MISSINGNESS"": 2}","[""Total_Important_Missing_Count"", ""Important_Missing_Rate""]","[{""type"": ""MISSINGNESS"", ""feature"": ""Total_Important_Missing_Count"", ""message"": ""11 important data fields are missing or unavailable."", ""value"": 11.0}, {""type"": ""MISSINGNESS"", ""feature"": ""Important_Missing_Rate"", ""message"": ""Important missingness rate is 39.3%."", ""value"": 0.3928571428571428}]",11 important data fields are missing or unavailable. Important missingness rate is 39.3%.
33602TX0460658,33602,TX,Blue Cross Blue Shield of Texas,HMO,Catastrophic,FFE,Individual,0.029179373884219,HIGH,2,MEDIUM,"{""MISSINGNESS"": 2}","[""Total_Important_Missing_Count"", ""Important_Missing_Rate""]","[{""type"": ""MISSINGNESS"", ""feature"": ""Total_Important_Missing_Count"", ""message"": ""13 important data fields are missing or unavailable."", ""value"": 13.0}, {""type"": ""MISSINGNESS"", ""feature"": ""Important_Missing_Rate"", ""message"": ""Important missingness rate is 46.4%."", ""value"": 0.4642857142857143}]",13 important data fields are missing or unavailable. Important missingness rate is 46.4%.
33602TX0460665,33602,TX,Blue Cross Blue Shield of Texas,HMO,Catastrophic,FFE,Individual,0.0308717869607948,HIGH,2,MEDIUM,"{""MISSINGNESS"": 2}","[""Total_Important_Missing_Count"", ""Important_Missing_Rate""]","[{""type"": ""MISSINGNESS"", ""feature"": ""Total_Important_Missing_Count"", ""message"": ""12 important data fields are missing or unavailable."", ""value"": 12.0}, {""type"": ""MISSINGNESS"", ""feature"": ""Important_Missing_Rate"", ""message"": ""Important missingness rate is 42.9%."", ""value"": 0.4285714285714285}]",12 important data fields are missing or unavailable. Important missingness rate is 42.9%.
33602TX0460666,33602,TX,Blue Cross Blue Shield of Texas,HMO,Catastrophic,FFE,Individual,0.0034179552157225,HIGH,2,MEDIUM,"{""MISSINGNESS"": 2}","[""Total_Important_Missing_Count"", ""Important_Missing_Rate""]","[{""type"": ""MISSINGNESS"", ""feature"": ""Total_Important_Missing_Count"", ""message"": ""9 important data fields are missing or unavailable."", ""value"": 9.0}, {""type"": ""MISSINGNESS"", ""feature"": ""Important_Missing_Rate"", ""message"": ""Important missingness rate is 32.1%."", ""value"": 0.3214285714285714}]",9 important data fields are missing or unavailable. Important missingness rate is 32.1%.
33602TX0460667,33602,TX,Blue Cross Blue Shield of Texas,HMO,Catastrophic,FFE,Individual,0.016578999103448,HIGH,2,MEDIUM,"{""MISSINGNESS"": 2}","[""Total_Important_Missing_Count"", ""Important_Missing_Rate""]","[{""type"": ""MISSINGNESS"", ""feature"": ""Total_Important_Missing_Count"", ""message"": ""10 important data fields are missing or unavailable."", ""value"": 10.0}, {""type"": ""MISSINGNESS"", ""feature"": ""Important_Missing_Rate"", ""message"": ""Important missingness rate is 35.7%."", ""value"": 0.3571428571428571}]",10 important data fields are missing or unavailable. Important missingness rate is 35.7%.
33602TX0460671,33602,TX,Blue Cross Blue Shield of Texas,HMO,Catastrophic,FFE,Individual,0.02466922234177,HIGH,2,MEDIUM,"{""MISSINGNESS"": 2}","[""Total_Important_Missing_Count"", ""Important_Missing_Rate""]","[{""type"": ""MISSINGNESS"", ""feature"": ""Total_Important_Missing_Count"", ""message"": ""12 important data fields are missing or unavailable."", ""value"": 12.0}, {""type"": ""MISSINGNESS"", ""feature"": ""Important_Missing_Rate"", ""message"": ""Important missingness rate is 42.9%."", ""value"": 0.4285714285714285}]",12 important data fields are missing or unavailable. Important missingness rate is 42.9%.
33602TX0460673,33602,TX,Blue Cross Blue Shield of Texas,HMO,Catastrophic,FFE,Individual,0.0097420723943887,HIGH,2,MEDIUM,"{""MISSINGNESS"": 2}","[""Total_Important_Missing_Count"", ""Important_Missing_Rate""]","[{""type"": ""MISSINGNESS"", ""feature"": ""Total_Important_Missing_Count"", ""message"": ""9 important data fields are missing or unavailable."", ""value"": 9.0}, {""type"": ""MISSINGNESS"", ""feature"": ""Important_Missing_Rate"", ""message"": ""Important missingness rate is 32.1%."", ""value"": 0.3214285714285714}]",9 important data fields are missing or unavailable. Important missingness rate is 32.1%.
33602TX0460674,33602,TX,Blue Cross Blue Shield of Texas,HMO,Catastrophic,FFE,Individual,0.0280950534452456,HIGH,2,MEDIUM,"{""MISSINGNESS"": 2}","[""Total_Important_Missing_Count"", ""Important_Missing_Rate""]","[{""type"": ""MISSINGNESS"", ""feature"": ""Total_Important_Missing_Count"", ""message"": ""12 important data fields are missing or unavailable."", ""value"": 12.0}, {""type"": ""MISSINGNESS"", ""feature"": ""Important_Missing_Rate"", ""message"": ""Important missingness rate is 42.9%."", ""value"": 0.4285714285714285}]",12 important data fields are missing or unavailable. Important missingness rate is 42.9%.
33602TX0460676,33602,TX,Blue Cross Blue Shield of Texas,HMO,Catastrophic,FFE,Individual,0.0201423786021947,HIGH,2,MEDIUM,"{""MISSINGNESS"": 2}","[""Total_Important_Missing_Count"", ""Important_Missing_Rate""]","[{""type"": ""MISSINGNESS"", ""feature"": ""Total_Important_Missing_Count"", ""message"": ""11 important data fields are missing or unavailable."", ""value"": 11.0}, {""type"": ""MISSINGNESS"", ""feature"": ""Important_Missing_Rate"", ""message"": ""Important missingness rate is 39.3%."", ""value"": 0.3928571428571428}]",11 important data fields are missing or unavailable. Important missingness rate is 39.3%.
33602TX0460678,33602,TX,Blue Cross Blue Shield of Texas,HMO,Catastrophic,FFE,Individual,0.0342206384620989,HIGH,2,MEDIUM,"{""MISSINGNESS"": 2}","[""Total_Important_Missing_Count"", ""Important_Missing_Rate""]","[{""type"": ""MISSINGNESS"", ""feature"": ""Total_Important_Missing_Count"", ""message"": ""12 important data fields are missing or unavailable."", ""value"": 12.0}, {""type"": ""MISSINGNESS"", ""feature"": ""Important_Missing_Rate"", ""message"": ""Important missingness rate is 42.9%."", ""value"": 0.4285714285714285}]",12 important data fields are missing or unavailable. Important missingness rate is 42.9%.
33602TX0461175,33602,TX,Blue Cross Blue Shield of Texas,HMO,Silver,FFE,Individual,0.0331081747088269,HIGH,0,LOW,{},[],[],
33602TX0870074,33602,TX,Blue Cross Blue Shield of Texas,POS,Bronze,FFE,Individual,0.0004040696432674,HIGH,2,MEDIUM,"{""MISSINGNESS"": 2}","[""Total_Important_Missing_Count"", ""Important_Missing_Rate""]","[{""type"": ""MISSINGNESS"", ""feature"": ""Total_Important_Missing_Count"", ""message"": ""9 important data fields are missing or unavailable."", ""value"": 9.0}, {""type"": ""MISSINGNESS"", ""feature"": ""Important_Missing_Rate"", ""message"": ""Important missingness rate is 32.1%."", ""value"": 0.3214285714285714}]",9 important data fields are missing or unavailable. Important missingness rate is 32.1%.
33602TX0870077,33602,TX,Blue Cross Blue Shield of Texas,POS,Bronze,FFE,Individual,0.0222454255590119,HIGH,2,MEDIUM,"{""MISSINGNESS"": 2}","[""Total_Important_Missing_Count"", ""Important_Missing_Rate""]","[{""type"": ""MISSINGNESS"", ""feature"": ""Total_Important_Missing_Count"", ""message"": ""11 important data fields are missing or unavailable."", ""value"": 11.0}, {""type"": ""MISSINGNESS"", ""feature"": ""Important_Missing_Rate"", ""message"": ""Important missingness rate is 39.3%."", ""value"": 0.3928571428571428}]",11 important data fields are missing or unavailable. Important missingness rate is 39.3%.
33602TX0870230,33602,TX,Blue Cross Blue Shield of Texas,POS,Silver,FFE,Individual,0.0088845695997088,HIGH,2,MEDIUM,"{""MISSINGNESS"": 2}","[""Total_Important_Missing_Count"", ""Important_Missing_Rate""]","[{""type"": ""MISSINGNESS"", ""feature"": ""Total_Important_Missing_Count"", ""message"": ""10 important data fields are missing or unavailable."", ""value"": 10.0}, {""type"": ""MISSINGNESS"", ""feature"": ""Important_Missing_Rate"", ""message"": ""Important missingness rate is 35.7%."", ""value"": 0.3571428571428571}]",10 important data fields are missing or unavailable. Important missingness rate is 35.7%.
33602TX0870235,33602,TX,Blue Cross Blue Shield of Texas,POS,Silver,FFE,Individual,0.0021359327694674,HIGH,2,MEDIUM,"{""MISSINGNESS"": 2}","[""Total_Important_Missing_Count"", ""Important_Missing_Rate""]","[{""type"": ""MISSINGNESS"", ""feature"": ""Total_Important_Missing_Count"", ""message"": ""9 important data fields are missing or unavailable."", ""value"": 9.0}, {""type"": ""MISSINGNESS"", ""feature"": ""Important_Missing_Rate"", ""message"": ""Important missingness rate is 32.1%."", ""value"": 0.3214285714285714}]",9 important data fields are missing or unavailable. Important missingness rate is 32.1%.
33602TX0870261,33602,TX,Blue Cross Blue Shield of Texas,POS,Silver,FFE,Individual,0.0215970671790788,HIGH,2,MEDIUM,"{""MISSINGNESS"": 2}","[""Total_Important_Missing_Count"", ""Important_Missing_Rate""]","[{""type"": ""MISSINGNESS"", ""feature"": ""Total_Important_Missing_Count"", ""message"": ""10 important data fields are missing or unavailable."", ""value"": 10.0}, {""type"": ""MISSINGNESS"", ""feature"": ""Important_Missing_Rate"", ""message"": ""Important missingness rate is 35.7%."", ""value"": 0.3571428571428571}]",10 important data fields are missing or unavailable. Important missingness rate is 35.7%.
34541UT0280005,34541,UT,BridgeSpan Health Company,HMO,Gold,SPE,Individual,0.021569379096931,HIGH,3,HIGH,"{""MISSINGNESS"": 2, ""DATA_QUALITY_FLAG"": 1}","[""Total_Important_Missing_Count"", ""Important_Missing_Rate"", ""Other_Denial_Rate_Invalid_Flag""]","[{""type"": ""MISSINGNESS"", ""feature"": ""Total_Important_Missing_Count"", ""message"": ""8 important data fields are missing or unavailable."", ""value"": 8.0}, {""type"": ""MISSINGNESS"", ""feature"": ""Important_Missing_Rate"", ""message"": ""Important missingness rate is 28.6%."", ""value"": 0.2857142857142857}, {""type"": ""DATA_QUALITY_FLAG"", ""feature"": ""Other_Denial_Rate_Invalid_Flag"", ""message"": ""Other Denial Rate contains an invalid raw value."", ""value"": 1}]",8 important data fields are missing or unavailable. Important missingness rate is 28.6%. Other Denial Rate contains an invalid raw value.
34541UT0280007,34541,UT,BridgeSpan Health Company,HMO,Bronze,SPE,Individual,0.0105171902861451,HIGH,3,HIGH,"{""MISSINGNESS"": 2, ""DATA_QUALITY_FLAG"": 1}","[""Total_Important_Missing_Count"", ""Important_Missing_Rate"", ""Other_Denial_Rate_Invalid_Flag""]","[{""type"": ""MISSINGNESS"", ""feature"": ""Total_Important_Missing_Count"", ""message"": ""7 important data fields are missing or unavailable."", ""value"": 7.0}, {""type"": ""MISSINGNESS"", ""feature"": ""Important_Missing_Rate"", ""message"": ""Important missingness rate is 25.0%."", ""value"": 0.25}, {""type"": ""DATA_QUALITY_FLAG"", ""feature"": ""Other_Denial_Rate_Invalid_Flag"", ""message"": ""Other Denial Rate contains an invalid raw value."", ""value"": 1}]",7 important data fields are missing or unavailable. Important missingness rate is 25.0%. Other Denial Rate contains an invalid raw value.
38345WI0240010,38345,WI,Dean Health Plan,HMO,Catastrophic,FFE,Individual,0.006050223456209,HIGH,2,MEDIUM,"{""MISSINGNESS"": 2}","[""Total_Important_Missing_Count"", ""Important_Missing_Rate""]","[{""type"": ""MISSINGNESS"", ""feature"": ""Total_Important_Missing_Count"", ""message"": ""8 important data fields are missing or unavailable."", ""value"": 8.0}, {""type"": ""MISSINGNESS"", ""feature"": ""Important_Missing_Rate"", ""message"": ""Important missingness rate is 28.6%."", ""value"": 0.2857142857142857}]",8 important data fields are missing or unavailable. Important missingness rate is 28.6%.
40220TX0080025,40220,TX,"UnitedHealthcare of Texas, Inc.",HMO,Silver,FFE,Individual,0.0310682849401213,HIGH,1,MEDIUM,"{""MISSINGNESS"": 1}","[""Total_Important_Missing_Count""]","[{""type"": ""MISSINGNESS"", ""feature"": ""Total_Important_Missing_Count"", ""message"": ""2 important data fields are missing or unavailable."", ""value"": 2.0}]",2 important data fields are missing or unavailable.
40220TX0080031,40220,TX,"UnitedHealthcare of Texas, Inc.",HMO,Bronze,FFE,Individual,0.0307716306408142,HIGH,2,HIGH,"{""MISSINGNESS"": 1, ""EXTREME_HIGH"": 1}","[""Total_Important_Missing_Count"", ""Out_of_Network_Denial_Rate""]","[{""type"": ""MISSINGNESS"", ""feature"": ""Total_Important_Missing_Count"", ""message"": ""2 important data fields are missing or unavailable."", ""value"": 2.0}, {""type"": ""EXTREME_HIGH"", ""feature"": ""Out_of_Network_Denial_Rate"", ""message"": ""Out of Network Denial Rate = 0.6980, above the dataset 99th percentile (0.6089)."", ""value"": 0.6979881080657818, ""threshold"": 0.6089085236718056}]","2 important data fields are missing or unavailable. Out of Network Denial Rate = 0.6980, above the dataset 99th percentile (0.6089)."
40220TX0080034,40220,TX,"UnitedHealthcare of Texas, Inc.",HMO,Gold,FFE,Individual,0.0135852945695615,HIGH,1,MEDIUM,"{""MISSINGNESS"": 1}","[""Total_Important_Missing_Count""]","[{""type"": ""MISSINGNESS"", ""feature"": ""Total_Important_Missing_Count"", ""message"": ""1 important data fields are missing or unavailable."", ""value"": 1.0}]",1 important data fields are missing or unavailable.
40788TX0460003,40788,TX,Scott and White Health Plan,HMO,Silver,FFE,Individual,0.0577123283101888,HIGH,3,HIGH,"{""MISSINGNESS"": 1, ""EXTREME_HIGH"": 2}","[""Total_Important_Missing_Count"", ""Issuer_Out_of_Network_Resubmission_Rate"", ""External_Appeal_Overturn_Rate""]","[{""type"": ""MISSINGNESS"", ""feature"": ""Total_Important_Missing_Count"", ""message"": ""1 important data fields are missing or unavailable."", ""value"": 1.0}, {""type"": ""EXTREME_HIGH"", ""feature"": ""Issuer_Out_of_Network_Resubmission_Rate"", ""message"": ""Issuer Out of Network Resubmission Rate = 0.3470, above the dataset 99th percentile (0.3409)."", ""value"": 0.3470262493074303, ""threshold"": 0.340895203177513}, {""type"": ""EXTREME_HIGH"", ""feature"": ""External_Appeal_Overturn_Rate"", ""message"": ""External Appeal Overturn Rate = 0.8000, above the dataset 99th percentile (0.6667)."", ""value"": 0.8, ""threshold"": 0.6666666666666666}]","1 important data fields are missing or unavailable. Issuer Out of Network Resubmission Rate = 0.3470, above the dataset 99th percentile (0.3409). External Appeal Overturn Rate = 0.8000, above the dataset 99th percentile (0.6667)."
40788TX0460005,40788,TX,Scott and White Health Plan,HMO,Silver,FFE,Individual,0.006718576944326,HIGH,3,HIGH,"{""MISSINGNESS"": 1, ""EXTREME_HIGH"": 2}","[""Total_Important_Missing_Count"", ""Issuer_Out_of_Network_Resubmission_Rate"", ""External_Appeal_Overturn_Rate""]","[{""type"": ""MISSINGNESS"", ""feature"": ""Total_Important_Missing_Count"", ""message"": ""1 important data fields are missing or unavailable."", ""value"": 1.0}, {""type"": ""EXTREME_HIGH"", ""feature"": ""Issuer_Out_of_Network_Resubmission_Rate"", ""message"": ""Issuer Out of Network Resubmission Rate = 0.3470, above the dataset 99th percentile (0.3409)."", ""value"": 0.3470262493074303, ""threshold"": 0.340895203177513}, {""type"": ""EXTREME_HIGH"", ""feature"": ""External_Appeal_Overturn_Rate"", ""message"": ""External Appeal Overturn Rate = 0.8000, above the dataset 99th percentile (0.6667)."", ""value"": 0.8, ""threshold"": 0.6666666666666666}]","1 important data fields are missing or unavailable. Issuer Out of Network Resubmission Rate = 0.3470, above the dataset 99th percentile (0.3409). External Appeal Overturn Rate = 0.8000, above the dataset 99th percentile (0.6667)."
40788TX0460008,40788,TX,Scott and White Health Plan,HMO,Silver,FFE,Individual,0.0438769467852387,HIGH,3,HIGH,"{""MISSINGNESS"": 1, ""EXTREME_HIGH"": 2}","[""Total_Important_Missing_Count"", ""Issuer_Out_of_Network_Resubmission_Rate"", ""External_Appeal_Overturn_Rate""]","[{""type"": ""MISSINGNESS"", ""feature"": ""Total_Important_Missing_Count"", ""message"": ""1 important data fields are missing or unavailable."", ""value"": 1.0}, {""type"": ""EXTREME_HIGH"", ""feature"": ""Issuer_Out_of_Network_Resubmission_Rate"", ""message"": ""Issuer Out of Network Resubmission Rate = 0.3470, above the dataset 99th percentile (0.3409)."", ""value"": 0.3470262493074303, ""threshold"": 0.340895203177513}, {""type"": ""EXTREME_HIGH"", ""feature"": ""External_Appeal_Overturn_Rate"", ""message"": ""External Appeal Overturn Rate = 0.8000, above the dataset 99th percentile (0.6667)."", ""value"": 0.8, ""threshold"": 0.6666666666666666}]","1 important data fields are missing or unavailable. Issuer Out of Network Resubmission Rate = 0.3470, above the dataset 99th percentile (0.3409). External Appeal Overturn Rate = 0.8000, above the dataset 99th percentile (0.6667)."
46944AL0660001,46944,AL,Blue Cross and Blue Shield of Alabama,PPO,Silver,FFE,Individual,0.0137926566686161,HIGH,0,LOW,{},[],[],
47840MO0010010,47840,MO,Medica Central Insurance Company,EPO,Catastrophic,FFE,Individual,0.0119136502925413,HIGH,3,HIGH,"{""MISSINGNESS"": 2, ""EXTREME_HIGH"": 1}","[""Total_Important_Missing_Count"", ""Important_Missing_Rate"", ""Member_Not_Covered_Denial_Rate""]","[{""type"": ""MISSINGNESS"", ""feature"": ""Total_Important_Missing_Count"", ""message"": ""8 important data fields are missing or unavailable."", ""value"": 8.0}, {""type"": ""MISSINGNESS"", ""feature"": ""Important_Missing_Rate"", ""message"": ""Important missingness rate is 28.6%."", ""value"": 0.2857142857142857}, {""type"": ""EXTREME_HIGH"", ""feature"": ""Member_Not_Covered_Denial_Rate"", ""message"": ""Member Not Covered Denial Rate = 0.7548, above the dataset 99th percentile (0.4180)."", ""value"": 0.7548387096774194, ""threshold"": 0.4180429386897637}]","8 important data fields are missing or unavailable. Important missingness rate is 28.6%. Member Not Covered Denial Rate = 0.7548, above the dataset 99th percentile (0.4180)."
53901AZ1420147,53901,AZ,"Blue Cross and Blue Shield of Arizona, Inc.",HMO,Gold,FFE,Individual,0.0018008008624046,HIGH,3,HIGH,"{""MISSINGNESS"": 1, ""EXTREME_HIGH"": 2}","[""Total_Important_Missing_Count"", ""Plan_In_Network_Resubmission_Rate"", ""Plan_Overall_Resubmission_Rate""]","[{""type"": ""MISSINGNESS"", ""feature"": ""Total_Important_Missing_Count"", ""message"": ""6 important data fields are missing or unavailable."", ""value"": 6.0}, {""type"": ""EXTREME_HIGH"", ""feature"": ""Plan_In_Network_Resubmission_Rate"", ""message"": ""Plan In Network Resubmission Rate = 0.3200, above the dataset 99th percentile (0.2535)."", ""value"": 0.32, ""threshold"": 0.2535258487237646}, {""type"": ""EXTREME_HIGH"", ""feature"": ""Plan_Overall_Resubmission_Rate"", ""message"": ""Plan Overall Resubmission Rate = 0.3200, above the dataset 99th percentile (0.2574)."", ""value"": 0.32, ""threshold"": 0.25740528833704834}]","6 important data fields are missing or unavailable. Plan In Network Resubmission Rate = 0.3200, above the dataset 99th percentile (0.2535). Plan Overall Resubmission Rate = 0.3200, above the dataset 99th percentile (0.2574)."
53932AL0100012,53932,AL,Celtic Insurance Company,EPO,Silver,FFE,Individual,0.0014438363707943,HIGH,1,MEDIUM,"{""MISSINGNESS"": 1}","[""Total_Important_Missing_Count""]","[{""type"": ""MISSINGNESS"", ""feature"": ""Total_Important_Missing_Count"", ""message"": ""2 important data fields are missing or unavailable."", ""value"": 2.0}]",2 important data fields are missing or unavailable.
58594MI0030017,58594,MI,"Meridian Health Plan of Michigan, Inc.",HMO,Silver,SPE,Individual,0.0070517045656327,HIGH,1,MEDIUM,"{""MISSINGNESS"": 1}","[""Total_Important_Missing_Count""]","[{""type"": ""MISSINGNESS"", ""feature"": ""Total_Important_Missing_Count"", ""message"": ""2 important data fields are missing or unavailable."", ""value"": 2.0}]",2 important data fields are missing or unavailable.
60536SD0020067,60536,SD,"Avera Health Plans, Inc.",PPO,Bronze,SPE,Individual,0.0053831342539563,HIGH,5,HIGH,"{""MISSINGNESS"": 2, ""EXTREME_LOW"": 2, ""EXTREME_HIGH"": 1}","[""Total_Important_Missing_Count"", ""Important_Missing_Rate"", ""Issuer_In_Network_Denial_Rate"", ""Issuer_Overall_Denial_Rate"", ""Administrative_Denial_Rate""]","[{""type"": ""MISSINGNESS"", ""feature"": ""Total_Important_Missing_Count"", ""message"": ""9 important data fields are missing or unavailable."", ""value"": 9.0}, {""type"": ""MISSINGNESS"", ""feature"": ""Important_Missing_Rate"", ""message"": ""Important missingness rate is 32.1%."", ""value"": 0.3214285714285714}, {""type"": ""EXTREME_LOW"", ""feature"": ""Issuer_In_Network_Denial_Rate"", ""message"": ""Issuer In Network Denial Rate = 0.0270, below the dataset 1st percentile (0.0408)."", ""value"": 0.0269535720592923, ""threshold"": 0.040780744159407724}, {""type"": ""EXTREME_LOW"", ""feature"": ""Issuer_Overall_Denial_Rate"", ""message"": ""Issuer Overall Denial Rate = 0.0350, below the dataset 1st percentile (0.0522)."", ""value"": 0.0349570213577075, ""threshold"": 0.0521869940145905}, {""type"": ""EXTREME_HIGH"", ""feature"": ""Administrative_Denial_Rate"", ""message"": ""Administrative Denial Rate = 0.9403, above the dataset 99th percentile (0.8513)."", ""value"": 0.9402985074626866, ""threshold"": 0.851337531814919}]","9 important data fields are missing or unavailable. Important missingness rate is 32.1%. Issuer In Network Denial Rate = 0.0270, below the dataset 1st percentile (0.0408). Issuer Overall Denial Rate = 0.0350, below the dataset 1st percentile (0.0522). Administrative Denial Rate = 0.9403, above the dataset 99th percentile (0.8513)."
60536SD0060014,60536,SD,"Avera Health Plans, Inc.",HMO,Bronze,SPE,Individual,0.0010110681209076,HIGH,5,MEDIUM,"{""MISSINGNESS"": 2, ""EXTREME_LOW"": 3}","[""Total_Important_Missing_Count"", ""Important_Missing_Rate"", ""Issuer_In_Network_Denial_Rate"", ""Issuer_Overall_Denial_Rate"", ""Plan_In_Network_Denial_Rate""]","[{""type"": ""MISSINGNESS"", ""feature"": ""Total_Important_Missing_Count"", ""message"": ""9 important data fields are missing or unavailable."", ""value"": 9.0}, {""type"": ""MISSINGNESS"", ""feature"": ""Important_Missing_Rate"", ""message"": ""Important missingness rate is 32.1%."", ""value"": 0.3214285714285714}, {""type"": ""EXTREME_LOW"", ""feature"": ""Issuer_In_Network_Denial_Rate"", ""message"": ""Issuer In Network Denial Rate = 0.0270, below the dataset 1st percentile (0.0408)."", ""value"": 0.0269535720592923, ""threshold"": 0.040780744159407724}, {""type"": ""EXTREME_LOW"", ""feature"": ""Issuer_Overall_Denial_Rate"", ""message"": ""Issuer Overall Denial Rate = 0.0350, below the dataset 1st percentile (0.0522)."", ""value"": 0.0349570213577075, ""threshold"": 0.0521869940145905}, {""type"": ""EXTREME_LOW"", ""feature"": ""Plan_In_Network_Denial_Rate"", ""message"": ""Plan In Network Denial Rate = 0.0258, below the dataset 1st percentile (0.0268)."", ""value"": 0.0258292731762664, ""threshold"": 0.02682627845178696}]","9 important data fields are missing or unavailable. Important missingness rate is 32.1%. Issuer In Network Denial Rate = 0.0270, below the dataset 1st percentile (0.0408). Issuer Overall Denial Rate = 0.0350, below the dataset 1st percentile (0.0522). Plan In Network Denial Rate = 0.0258, below the dataset 1st percentile (0.0268)."
60536SD0060018,60536,SD,"Avera Health Plans, Inc.",HMO,Silver,SPE,Individual,0.0021606224897406,HIGH,5,MEDIUM,"{""MISSINGNESS"": 2, ""EXTREME_LOW"": 3}","[""Total_Important_Missing_Count"", ""Important_Missing_Rate"", ""Issuer_In_Network_Denial_Rate"", ""Issuer_Overall_Denial_Rate"", ""Plan_In_Network_Denial_Rate""]","[{""type"": ""MISSINGNESS"", ""feature"": ""Total_Important_Missing_Count"", ""message"": ""7 important data fields are missing or unavailable."", ""value"": 7.0}, {""type"": ""MISSINGNESS"", ""feature"": ""Important_Missing_Rate"", ""message"": ""Important missingness rate is 25.0%."", ""value"": 0.25}, {""type"": ""EXTREME_LOW"", ""feature"": ""Issuer_In_Network_Denial_Rate"", ""message"": ""Issuer In Network Denial Rate = 0.0270, below the dataset 1st percentile (0.0408)."", ""value"": 0.0269535720592923, ""threshold"": 0.040780744159407724}, {""type"": ""EXTREME_LOW"", ""feature"": ""Issuer_Overall_Denial_Rate"", ""message"": ""Issuer Overall Denial Rate = 0.0350, below the dataset 1st percentile (0.0522)."", ""value"": 0.0349570213577075, ""threshold"": 0.0521869940145905}, {""type"": ""EXTREME_LOW"", ""feature"": ""Plan_In_Network_Denial_Rate"", ""message"": ""Plan In Network Denial Rate = 0.0254, below the dataset 1st percentile (0.0268)."", ""value"": 0.0254213651033988, ""threshold"": 0.02682627845178696}]","7 important data fields are missing or unavailable. Important missingness rate is 25.0%. Issuer In Network Denial Rate = 0.0270, below the dataset 1st percentile (0.0408). Issuer Overall Denial Rate = 0.0350, below the dataset 1st percentile (0.0522). Plan In Network Denial Rate = 0.0254, below the dataset 1st percentile (0.0268)."
60536SD0060021,60536,SD,"Avera Health Plans, Inc.",HMO,Bronze,SPE,Individual,0.0102671456388752,HIGH,4,MEDIUM,"{""MISSINGNESS"": 2, ""EXTREME_LOW"": 2}","[""Total_Important_Missing_Count"", ""Important_Missing_Rate"", ""Issuer_In_Network_Denial_Rate"", ""Issuer_Overall_Denial_Rate""]","[{""type"": ""MISSINGNESS"", ""feature"": ""Total_Important_Missing_Count"", ""message"": ""8 important data fields are missing or unavailable."", ""value"": 8.0}, {""type"": ""MISSINGNESS"", ""feature"": ""Important_Missing_Rate"", ""message"": ""Important missingness rate is 28.6%."", ""value"": 0.2857142857142857}, {""type"": ""EXTREME_LOW"", ""feature"": ""Issuer_In_Network_Denial_Rate"", ""message"": ""Issuer In Network Denial Rate = 0.0270, below the dataset 1st percentile (0.0408)."", ""value"": 0.0269535720592923, ""threshold"": 0.040780744159407724}, {""type"": ""EXTREME_LOW"", ""feature"": ""Issuer_Overall_Denial_Rate"", ""message"": ""Issuer Overall Denial Rate = 0.0350, below the dataset 1st percentile (0.0522)."", ""value"": 0.0349570213577075, ""threshold"": 0.0521869940145905}]","8 important data fields are missing or unavailable. Important missingness rate is 28.6%. Issuer In Network Denial Rate = 0.0270, below the dataset 1st percentile (0.0408). Issuer Overall Denial Rate = 0.0350, below the dataset 1st percentile (0.0522)."
60612HI0110018,60612,HI,"Kaiser Foundation Health Plan, Inc.",HMO,Gold,SPE,Individual,0.008997097429006,HIGH,2,MEDIUM,"{""MISSINGNESS"": 2}","[""Total_Important_Missing_Count"", ""Important_Missing_Rate""]","[{""type"": ""MISSINGNESS"", ""feature"": ""Total_Important_Missing_Count"", ""message"": ""7 important data fields are missing or unavailable."", ""value"": 7.0}, {""type"": ""MISSINGNESS"", ""feature"": ""Important_Missing_Rate"", ""message"": ""Important missingness rate is 25.0%."", ""value"": 0.25}]",7 important data fields are missing or unavailable. Important missingness rate is 25.0%.
62141AR0080007,62141,AR,Celtic Insurance Company,PPO,Silver,SBE-FP,Individual,0.0029035263352228,HIGH,1,MEDIUM,"{""MISSINGNESS"": 1}","[""Total_Important_Missing_Count""]","[{""type"": ""MISSINGNESS"", ""feature"": ""Total_Important_Missing_Count"", ""message"": ""1 important data fields are missing or unavailable."", ""value"": 1.0}]",1 important data fields are missing or unavailable.
63251TX0010001,63251,TX,Community First Insurance Plans,EPO,Gold,FFE,Individual,0.0060869975187327,HIGH,2,MEDIUM,"{""MISSINGNESS"": 2}","[""Total_Important_Missing_Count"", ""Important_Missing_Rate""]","[{""type"": ""MISSINGNESS"", ""feature"": ""Total_Important_Missing_Count"", ""message"": ""8 important data fields are missing or unavailable."", ""value"": 8.0}, {""type"": ""MISSINGNESS"", ""feature"": ""Important_Missing_Rate"", ""message"": ""Important missingness rate is 28.6%."", ""value"": 0.2857142857142857}]",8 important data fields are missing or unavailable. Important missingness rate is 28.6%.
63251TX0010002,63251,TX,Community First Insurance Plans,EPO,Gold,FFE,Individual,0.0062714832057761,HIGH,3,HIGH,"{""MISSINGNESS"": 2, ""DATA_QUALITY_FLAG"": 1}","[""Total_Important_Missing_Count"", ""Important_Missing_Rate"", ""Other_Denial_Rate_Invalid_Flag""]","[{""type"": ""MISSINGNESS"", ""feature"": ""Total_Important_Missing_Count"", ""message"": ""8 important data fields are missing or unavailable."", ""value"": 8.0}, {""type"": ""MISSINGNESS"", ""feature"": ""Important_Missing_Rate"", ""message"": ""Important missingness rate is 28.6%."", ""value"": 0.2857142857142857}, {""type"": ""DATA_QUALITY_FLAG"", ""feature"": ""Other_Denial_Rate_Invalid_Flag"", ""message"": ""Other Denial Rate contains an invalid raw value."", ""value"": 1}]",8 important data fields are missing or unavailable. Important missingness rate is 28.6%. Other Denial Rate contains an invalid raw value.
63251TX0020002,63251,TX,Community First Insurance Plans,EPO,Silver,FFE,Individual,0.014685216254074,HIGH,2,MEDIUM,"{""MISSINGNESS"": 2}","[""Total_Important_Missing_Count"", ""Important_Missing_Rate""]","[{""type"": ""MISSINGNESS"", ""feature"": ""Total_Important_Missing_Count"", ""message"": ""8 important data fields are missing or unavailable."", ""value"": 8.0}, {""type"": ""MISSINGNESS"", ""feature"": ""Important_Missing_Rate"", ""message"": ""Important missingness rate is 28.6%."", ""value"": 0.2857142857142857}]",8 important data fields are missing or unavailable. Important missingness rate is 28.6%.
63474OR0600009,63474,OR,BridgeSpan Health Company,EPO,Bronze,SBE-FP,Individual,0.0162705345171291,HIGH,3,HIGH,"{""MISSINGNESS"": 2, ""EXTREME_HIGH"": 1}","[""Total_Important_Missing_Count"", ""Important_Missing_Rate"", ""Other_Denial_Rate""]","[{""type"": ""MISSINGNESS"", ""feature"": ""Total_Important_Missing_Count"", ""message"": ""8 important data fields are missing or unavailable."", ""value"": 8.0}, {""type"": ""MISSINGNESS"", ""feature"": ""Important_Missing_Rate"", ""message"": ""Important missingness rate is 28.6%."", ""value"": 0.2857142857142857}, {""type"": ""EXTREME_HIGH"", ""feature"": ""Other_Denial_Rate"", ""message"": ""Other Denial Rate = 0.9778, above the dataset 99th percentile (0.9331)."", ""value"": 0.9778393351800554, ""threshold"": 0.9330645446507517}]","8 important data fields are missing or unavailable. Important missingness rate is 28.6%. Other Denial Rate = 0.9778, above the dataset 99th percentile (0.9331)."
64004DE0090007,64004,DE,Celtic Insurance Company,EPO,Silver,SPE,Individual,0.0124335113555251,HIGH,2,MEDIUM,"{""MISSINGNESS"": 2}","[""Total_Important_Missing_Count"", ""Important_Missing_Rate""]","[{""type"": ""MISSINGNESS"", ""feature"": ""Total_Important_Missing_Count"", ""message"": ""8 important data fields are missing or unavailable."", ""value"": 8.0}, {""type"": ""MISSINGNESS"", ""feature"": ""Important_Missing_Rate"", ""message"": ""Important missingness rate is 28.6%."", ""value"": 0.2857142857142857}]",8 important data fields are missing or unavailable. Important missingness rate is 28.6%.
64004DE0100001,64004,DE,Celtic Insurance Company,EPO,Bronze,SPE,Individual,0.0098003010594762,HIGH,2,MEDIUM,"{""MISSINGNESS"": 2}","[""Total_Important_Missing_Count"", ""Important_Missing_Rate""]","[{""type"": ""MISSINGNESS"", ""feature"": ""Total_Important_Missing_Count"", ""message"": ""8 important data fields are missing or unavailable."", ""value"": 8.0}, {""type"": ""MISSINGNESS"", ""feature"": ""Important_Missing_Rate"", ""message"": ""Important missingness rate is 28.6%."", ""value"": 0.2857142857142857}]",8 important data fields are missing or unavailable. Important missingness rate is 28.6%.
64004DE0100009,64004,DE,Celtic Insurance Company,EPO,Gold,SPE,Individual,0.0083534107863202,HIGH,2,MEDIUM,"{""MISSINGNESS"": 2}","[""Total_Important_Missing_Count"", ""Important_Missing_Rate""]","[{""type"": ""MISSINGNESS"", ""feature"": ""Total_Important_Missing_Count"", ""message"": ""10 important data fields are missing or unavailable."", ""value"": 10.0}, {""type"": ""MISSINGNESS"", ""feature"": ""Important_Missing_Rate"", ""message"": ""Important missingness rate is 35.7%."", ""value"": 0.3571428571428571}]",10 important data fields are missing or unavailable. Important missingness rate is 35.7%.
64004DE0100011,64004,DE,Celtic Insurance Company,EPO,Gold,SPE,Individual,0.0078964267377966,HIGH,2,MEDIUM,"{""MISSINGNESS"": 2}","[""Total_Important_Missing_Count"", ""Important_Missing_Rate""]","[{""type"": ""MISSINGNESS"", ""feature"": ""Total_Important_Missing_Count"", ""message"": ""10 important data fields are missing or unavailable."", ""value"": 10.0}, {""type"": ""MISSINGNESS"", ""feature"": ""Important_Missing_Rate"", ""message"": ""Important missingness rate is 35.7%."", ""value"": 0.3571428571428571}]",10 important data fields are missing or unavailable. Important missingness rate is 35.7%.
64353OH0010009,64353,OH,"Molina Healthcare of Ohio, Inc.",HMO,Silver,SPE,Individual,0.0357123390764194,HIGH,2,HIGH,"{""MISSINGNESS"": 1, ""EXTREME_HIGH"": 1}","[""Total_Important_Missing_Count"", ""Investigational_Experimental_Cosmetic_Denial_Rate""]","[{""type"": ""MISSINGNESS"", ""feature"": ""Total_Important_Missing_Count"", ""message"": ""2 important data fields are missing or unavailable."", ""value"": 2.0}, {""type"": ""EXTREME_HIGH"", ""feature"": ""Investigational_Experimental_Cosmetic_Denial_Rate"", ""message"": ""Investigational Experimental Cosmetic Denial Rate = 0.0312, above the dataset 99th percentile (0.0232)."", ""value"": 0.0312370908968783, ""threshold"": 0.023185069247515202}]","2 important data fields are missing or unavailable. Investigational Experimental Cosmetic Denial Rate = 0.0312, above the dataset 99th percentile (0.0232)."
68398FL0030045,68398,FL,"UnitedHealthcare of Florida, Inc.",HMO,Bronze,FFE,Individual,0.0076538681955732,HIGH,1,MEDIUM,"{""MISSINGNESS"": 1}","[""Total_Important_Missing_Count""]","[{""type"": ""MISSINGNESS"", ""feature"": ""Total_Important_Missing_Count"", ""message"": ""4 important data fields are missing or unavailable."", ""value"": 4.0}]",4 important data fields are missing or unavailable.
69461AL0110014,69461,AL,UnitedHealthcare Insurance Company,EPO,Silver,FFE,Individual,0.0357286681019152,HIGH,1,MEDIUM,"{""MISSINGNESS"": 1}","[""Total_Important_Missing_Count""]","[{""type"": ""MISSINGNESS"", ""feature"": ""Total_Important_Missing_Count"", ""message"": ""2 important data fields are missing or unavailable."", ""value"": 2.0}]",2 important data fields are missing or unavailable.
70111TN0110034,70111,TN,Celtic Insurance Company,EPO,Silver,FFE,Individual,0.0278725705312198,HIGH,1,MEDIUM,"{""MISSINGNESS"": 1}","[""Total_Important_Missing_Count""]","[{""type"": ""MISSINGNESS"", ""feature"": ""Total_Important_Missing_Count"", ""message"": ""2 important data fields are missing or unavailable."", ""value"": 2.0}]",2 important data fields are missing or unavailable.
71287OR0420001,71287,OR,Kaiser Foundation Healthplan of the NW,EPO,Gold,SBE-FP,Individual,0.0144176307509128,HIGH,1,MEDIUM,"{""MISSINGNESS"": 1}","[""Total_Important_Missing_Count""]","[{""type"": ""MISSINGNESS"", ""feature"": ""Total_Important_Missing_Count"", ""message"": ""5 important data fields are missing or unavailable."", ""value"": 5.0}]",5 important data fields are missing or unavailable.
71287OR0420004,71287,OR,Kaiser Foundation Healthplan of the NW,EPO,Bronze,SBE-FP,Individual,0.0197774347468435,HIGH,1,MEDIUM,"{""MISSINGNESS"": 1}","[""Total_Important_Missing_Count""]","[{""type"": ""MISSINGNESS"", ""feature"": ""Total_Important_Missing_Count"", ""message"": ""5 important data fields are missing or unavailable."", ""value"": 5.0}]",5 important data fields are missing or unavailable.
71287OR0420005,71287,OR,Kaiser Foundation Healthplan of the NW,EPO,Gold,SBE-FP,Individual,0.0028701271033905,HIGH,1,MEDIUM,"{""MISSINGNESS"": 1}","[""Total_Important_Missing_Count""]","[{""type"": ""MISSINGNESS"", ""feature"": ""Total_Important_Missing_Count"", ""message"": ""4 important data fields are missing or unavailable."", ""value"": 4.0}]",4 important data fields are missing or unavailable.
71287OR0420014,71287,OR,Kaiser Foundation Healthplan of the NW,EPO,Bronze,SBE-FP,Individual,0.0119334234309916,HIGH,1,MEDIUM,"{""MISSINGNESS"": 1}","[""Total_Important_Missing_Count""]","[{""type"": ""MISSINGNESS"", ""feature"": ""Total_Important_Missing_Count"", ""message"": ""5 important data fields are missing or unavailable."", ""value"": 5.0}]",5 important data fields are missing or unavailable.
71287OR0420016,71287,OR,Kaiser Foundation Healthplan of the NW,EPO,Bronze,SBE-FP,Individual,0.0235318449151407,HIGH,1,MEDIUM,"{""MISSINGNESS"": 1}","[""Total_Important_Missing_Count""]","[{""type"": ""MISSINGNESS"", ""feature"": ""Total_Important_Missing_Count"", ""message"": ""6 important data fields are missing or unavailable."", ""value"": 6.0}]",6 important data fields are missing or unavailable.
74313OH0210032,74313,OH,Paramount Insurance Company,HMO,Gold,SPE,Individual,2.5797250257864057e-05,HIGH,2,MEDIUM,"{""MISSINGNESS"": 2}","[""Total_Important_Missing_Count"", ""Important_Missing_Rate""]","[{""type"": ""MISSINGNESS"", ""feature"": ""Total_Important_Missing_Count"", ""message"": ""11 important data fields are missing or unavailable."", ""value"": 11.0}, {""type"": ""MISSINGNESS"", ""feature"": ""Important_Missing_Rate"", ""message"": ""Important missingness rate is 39.3%."", ""value"": 0.3928571428571428}]",11 important data fields are missing or unavailable. Important missingness rate is 39.3%.
74980IA0020021,74980,IA,"Avera Health Plans, Inc.",PPO,Gold,SPE,Individual,0.0607873824996214,HIGH,2,MEDIUM,"{""MISSINGNESS"": 2}","[""Total_Important_Missing_Count"", ""Important_Missing_Rate""]","[{""type"": ""MISSINGNESS"", ""feature"": ""Total_Important_Missing_Count"", ""message"": ""28 important data fields are missing or unavailable."", ""value"": 28.0}, {""type"": ""MISSINGNESS"", ""feature"": ""Important_Missing_Rate"", ""message"": ""Important missingness rate is 100.0%."", ""value"": 1.0}]",28 important data fields are missing or unavailable. Important missingness rate is 100.0%.
74980IA0020022,74980,IA,"Avera Health Plans, Inc.",PPO,Gold,SPE,Individual,0.0607873824996214,HIGH,2,MEDIUM,"{""MISSINGNESS"": 2}","[""Total_Important_Missing_Count"", ""Important_Missing_Rate""]","[{""type"": ""MISSINGNESS"", ""feature"": ""Total_Important_Missing_Count"", ""message"": ""28 important data fields are missing or unavailable."", ""value"": 28.0}, {""type"": ""MISSINGNESS"", ""feature"": ""Important_Missing_Rate"", ""message"": ""Important missingness rate is 100.0%."", ""value"": 1.0}]",28 important data fields are missing or unavailable. Important missingness rate is 100.0%.
74980IA0020023,74980,IA,"Avera Health Plans, Inc.",PPO,Gold,SPE,Individual,0.0607873824996214,HIGH,2,MEDIUM,"{""MISSINGNESS"": 2}","[""Total_Important_Missing_Count"", ""Important_Missing_Rate""]","[{""type"": ""MISSINGNESS"", ""feature"": ""Total_Important_Missing_Count"", ""message"": ""28 important data fields are missing or unavailable."", ""value"": 28.0}, {""type"": ""MISSINGNESS"", ""feature"": ""Important_Missing_Rate"", ""message"": ""Important missingness rate is 100.0%."", ""value"": 1.0}]",28 important data fields are missing or unavailable. Important missingness rate is 100.0%.
74980IA0020024,74980,IA,"Avera Health Plans, Inc.",PPO,Gold,SPE,Individual,0.0607873824996214,HIGH,2,MEDIUM,"{""MISSINGNESS"": 2}","[""Total_Important_Missing_Count"", ""Important_Missing_Rate""]","[{""type"": ""MISSINGNESS"", ""feature"": ""Total_Important_Missing_Count"", ""message"": ""28 important data fields are missing or unavailable."", ""value"": 28.0}, {""type"": ""MISSINGNESS"", ""feature"": ""Important_Missing_Rate"", ""message"": ""Important missingness rate is 100.0%."", ""value"": 1.0}]",28 important data fields are missing or unavailable. Important missingness rate is 100.0%.
74980IA0020025,74980,IA,"Avera Health Plans, Inc.",PPO,Silver,SPE,Individual,0.0607873824996214,HIGH,2,MEDIUM,"{""MISSINGNESS"": 2}","[""Total_Important_Missing_Count"", ""Important_Missing_Rate""]","[{""type"": ""MISSINGNESS"", ""feature"": ""Total_Important_Missing_Count"", ""message"": ""28 important data fields are missing or unavailable."", ""value"": 28.0}, {""type"": ""MISSINGNESS"", ""feature"": ""Important_Missing_Rate"", ""message"": ""Important missingness rate is 100.0%."", ""value"": 1.0}]",28 important data fields are missing or unavailable. Important missingness rate is 100.0%.
74980IA0020026,74980,IA,"Avera Health Plans, Inc.",PPO,Silver,SPE,Individual,0.0607873824996214,HIGH,2,MEDIUM,"{""MISSINGNESS"": 2}","[""Total_Important_Missing_Count"", ""Important_Missing_Rate""]","[{""type"": ""MISSINGNESS"", ""feature"": ""Total_Important_Missing_Count"", ""message"": ""28 important data fields are missing or unavailable."", ""value"": 28.0}, {""type"": ""MISSINGNESS"", ""feature"": ""Important_Missing_Rate"", ""message"": ""Important missingness rate is 100.0%."", ""value"": 1.0}]",28 important data fields are missing or unavailable. Important missingness rate is 100.0%.
74980IA0020027,74980,IA,"Avera Health Plans, Inc.",PPO,Silver,SPE,Individual,0.0607873824996214,HIGH,2,MEDIUM,"{""MISSINGNESS"": 2}","[""Total_Important_Missing_Count"", ""Important_Missing_Rate""]","[{""type"": ""MISSINGNESS"", ""feature"": ""Total_Important_Missing_Count"", ""message"": ""28 important data fields are missing or unavailable."", ""value"": 28.0}, {""type"": ""MISSINGNESS"", ""feature"": ""Important_Missing_Rate"", ""message"": ""Important missingness rate is 100.0%."", ""value"": 1.0}]",28 important data fields are missing or unavailable. Important missingness rate is 100.0%.
74980IA0020028,74980,IA,"Avera Health Plans, Inc.",PPO,Silver,SPE,Individual,0.0607873824996214,HIGH,2,MEDIUM,"{""MISSINGNESS"": 2}","[""Total_Important_Missing_Count"", ""Important_Missing_Rate""]","[{""type"": ""MISSINGNESS"", ""feature"": ""Total_Important_Missing_Count"", ""message"": ""28 important data fields are missing or unavailable."", ""value"": 28.0}, {""type"": ""MISSINGNESS"", ""feature"": ""Important_Missing_Rate"", ""message"": ""Important missingness rate is 100.0%."", ""value"": 1.0}]",28 important data fields are missing or unavailable. Important missingness rate is 100.0%.
74980IA0020029,74980,IA,"Avera Health Plans, Inc.",PPO,Bronze,SPE,Individual,0.0607873824996214,HIGH,2,MEDIUM,"{""MISSINGNESS"": 2}","[""Total_Important_Missing_Count"", ""Important_Missing_Rate""]","[{""type"": ""MISSINGNESS"", ""feature"": ""Total_Important_Missing_Count"", ""message"": ""28 important data fields are missing or unavailable."", ""value"": 28.0}, {""type"": ""MISSINGNESS"", ""feature"": ""Important_Missing_Rate"", ""message"": ""Important missingness rate is 100.0%."", ""value"": 1.0}]",28 important data fields are missing or unavailable. Important missingness rate is 100.0%.
74980IA0020030,74980,IA,"Avera Health Plans, Inc.",PPO,Bronze,SPE,Individual,0.0607873824996214,HIGH,2,MEDIUM,"{""MISSINGNESS"": 2}","[""Total_Important_Missing_Count"", ""Important_Missing_Rate""]","[{""type"": ""MISSINGNESS"", ""feature"": ""Total_Important_Missing_Count"", ""message"": ""28 important data fields are missing or unavailable."", ""value"": 28.0}, {""type"": ""MISSINGNESS"", ""feature"": ""Important_Missing_Rate"", ""message"": ""Important missingness rate is 100.0%."", ""value"": 1.0}]",28 important data fields are missing or unavailable. Important missingness rate is 100.0%.
74980IA0020031,74980,IA,"Avera Health Plans, Inc.",PPO,Bronze,SPE,Individual,0.0607873824996214,HIGH,2,MEDIUM,"{""MISSINGNESS"": 2}","[""Total_Important_Missing_Count"", ""Important_Missing_Rate""]","[{""type"": ""MISSINGNESS"", ""feature"": ""Total_Important_Missing_Count"", ""message"": ""28 important data fields are missing or unavailable."", ""value"": 28.0}, {""type"": ""MISSINGNESS"", ""feature"": ""Important_Missing_Rate"", ""message"": ""Important missingness rate is 100.0%."", ""value"": 1.0}]",28 important data fields are missing or unavailable. Important missingness rate is 100.0%.
74980IA0020032,74980,IA,"Avera Health Plans, Inc.",PPO,Catastrophic,SPE,Individual,0.0607873824996214,HIGH,2,MEDIUM,"{""MISSINGNESS"": 2}","[""Total_Important_Missing_Count"", ""Important_Missing_Rate""]","[{""type"": ""MISSINGNESS"", ""feature"": ""Total_Important_Missing_Count"", ""message"": ""28 important data fields are missing or unavailable."", ""value"": 28.0}, {""type"": ""MISSINGNESS"", ""feature"": ""Important_Missing_Rate"", ""message"": ""Important missingness rate is 100.0%."", ""value"": 1.0}]",28 important data fields are missing or unavailable. Important missingness rate is 100.0%.
77264NC0010045,77264,NC,Ambetter of North Carolina Inc.,HMO,Silver,FFE,Individual,0.0191129434875053,HIGH,1,MEDIUM,"{""MISSINGNESS"": 1}","[""Total_Important_Missing_Count""]","[{""type"": ""MISSINGNESS"", ""feature"": ""Total_Important_Missing_Count"", ""message"": ""2 important data fields are missing or unavailable."", ""value"": 2.0}]",2 important data fields are missing or unavailable.
79222SC0010032,79222,SC,"Absolute Total Care, Inc",HMO,Silver,FFE,Individual,0.0058901461898046,HIGH,1,MEDIUM,"{""MISSINGNESS"": 1}","[""Total_Important_Missing_Count""]","[{""type"": ""MISSINGNESS"", ""feature"": ""Total_Important_Missing_Count"", ""message"": ""2 important data fields are missing or unavailable."", ""value"": 2.0}]",2 important data fields are missing or unavailable.
85533AZ0020002,85533,AZ,"Imperial Insurance Companies, Inc.",HMO,Gold,FFE,Individual,0.0157590923373506,HIGH,2,MEDIUM,"{""MISSINGNESS"": 2}","[""Total_Important_Missing_Count"", ""Important_Missing_Rate""]","[{""type"": ""MISSINGNESS"", ""feature"": ""Total_Important_Missing_Count"", ""message"": ""9 important data fields are missing or unavailable."", ""value"": 9.0}, {""type"": ""MISSINGNESS"", ""feature"": ""Important_Missing_Rate"", ""message"": ""Important missingness rate is 32.1%."", ""value"": 0.3214285714285714}]",9 important data fields are missing or unavailable. Important missingness rate is 32.1%.
87226TX0060011,87226,TX,Superior Health Plan,HMO,Silver,FFE,Individual,0.0166296884294754,HIGH,1,MEDIUM,"{""MISSINGNESS"": 1}","[""Total_Important_Missing_Count""]","[{""type"": ""MISSINGNESS"", ""feature"": ""Total_Important_Missing_Count"", ""message"": ""1 important data fields are missing or unavailable."", ""value"": 1.0}]",1 important data fields are missing or unavailable.
87226TX0100011,87226,TX,Superior Health Plan,HMO,Silver,FFE,Individual,0.0206566037207873,HIGH,0,LOW,{},[],[],
87571OK0350171,87571,OK,Blue Cross Blue Shield of Oklahoma,PPO,Gold,FFE,Individual,0.003621324826324,HIGH,2,MEDIUM,"{""MISSINGNESS"": 2}","[""Total_Important_Missing_Count"", ""Important_Missing_Rate""]","[{""type"": ""MISSINGNESS"", ""feature"": ""Total_Important_Missing_Count"", ""message"": ""12 important data fields are missing or unavailable."", ""value"": 12.0}, {""type"": ""MISSINGNESS"", ""feature"": ""Important_Missing_Rate"", ""message"": ""Important missingness rate is 42.9%."", ""value"": 0.4285714285714285}]",12 important data fields are missing or unavailable. Important missingness rate is 42.9%.
87571OK0350204,87571,OK,Blue Cross Blue Shield of Oklahoma,PPO,Catastrophic,FFE,Individual,0.0032841688390687,HIGH,3,HIGH,"{""MISSINGNESS"": 2, ""EXTREME_HIGH"": 1}","[""Total_Important_Missing_Count"", ""Important_Missing_Rate"", ""Services_Excluded_Denial_Rate""]","[{""type"": ""MISSINGNESS"", ""feature"": ""Total_Important_Missing_Count"", ""message"": ""12 important data fields are missing or unavailable."", ""value"": 12.0}, {""type"": ""MISSINGNESS"", ""feature"": ""Important_Missing_Rate"", ""message"": ""Important missingness rate is 42.9%."", ""value"": 0.4285714285714285}, {""type"": ""EXTREME_HIGH"", ""feature"": ""Services_Excluded_Denial_Rate"", ""message"": ""Services Excluded Denial Rate = 1.000, above the dataset 99th percentile (0.8640)."", ""value"": 1.0, ""threshold"": 0.8640388588074182}]","12 important data fields are missing or unavailable. Important missingness rate is 42.9%. Services Excluded Denial Rate = 1.000, above the dataset 99th percentile (0.8640)."
90714MS0010064,90714,MS,Ambetter of Magnolia Inc.,HMO,Silver,FFE,Individual,0.034295821286636,HIGH,0,LOW,{},[],[],
91908OK0010011,91908,OK,Oscar Insurance Company,PPO,Catastrophic,FFE,Individual,0.0001905643966311,HIGH,2,MEDIUM,"{""MISSINGNESS"": 2}","[""Total_Important_Missing_Count"", ""Important_Missing_Rate""]","[{""type"": ""MISSINGNESS"", ""feature"": ""Total_Important_Missing_Count"", ""message"": ""7 important data fields are missing or unavailable."", ""value"": 7.0}, {""type"": ""MISSINGNESS"", ""feature"": ""Important_Missing_Rate"", ""message"": ""Important missingness rate is 25.0%."", ""value"": 0.25}]",7 important data fields are missing or unavailable. Important missingness rate is 25.0%.
94529WI0240019,94529,WI,Group Health Cooperative of South Central Wisconsin,HMO,Bronze,FFE,Individual,0.0386615629072959,HIGH,2,MEDIUM,"{""MISSINGNESS"": 2}","[""Total_Important_Missing_Count"", ""Important_Missing_Rate""]","[{""type"": ""MISSINGNESS"", ""feature"": ""Total_Important_Missing_Count"", ""message"": ""10 important data fields are missing or unavailable."", ""value"": 10.0}, {""type"": ""MISSINGNESS"", ""feature"": ""Important_Missing_Rate"", ""message"": ""Important missingness rate is 35.7%."", ""value"": 0.3571428571428571}]",10 important data fields are missing or unavailable. Important missingness rate is 35.7%.
94529WI0240054,94529,WI,Group Health Cooperative of South Central Wisconsin,HMO,Platinum,FFE,Individual,0.0004337275156897,HIGH,3,HIGH,"{""MISSINGNESS"": 2, ""DATA_QUALITY_FLAG"": 1}","[""Total_Important_Missing_Count"", ""Important_Missing_Rate"", ""Other_Denial_Rate_Invalid_Flag""]","[{""type"": ""MISSINGNESS"", ""feature"": ""Total_Important_Missing_Count"", ""message"": ""8 important data fields are missing or unavailable."", ""value"": 8.0}, {""type"": ""MISSINGNESS"", ""feature"": ""Important_Missing_Rate"", ""message"": ""Important missingness rate is 28.6%."", ""value"": 0.2857142857142857}, {""type"": ""DATA_QUALITY_FLAG"", ""feature"": ""Other_Denial_Rate_Invalid_Flag"", ""message"": ""Other Denial Rate contains an invalid raw value."", ""value"": 1}]",8 important data fields are missing or unavailable. Important missingness rate is 28.6%. Other Denial Rate contains an invalid raw value.
94529WI0240057,94529,WI,Group Health Cooperative of South Central Wisconsin,HMO,Silver,FFE,Individual,0.0061997481689457,HIGH,3,HIGH,"{""MISSINGNESS"": 2, ""EXTREME_HIGH"": 1}","[""Total_Important_Missing_Count"", ""Important_Missing_Rate"", ""Other_Denial_Rate""]","[{""type"": ""MISSINGNESS"", ""feature"": ""Total_Important_Missing_Count"", ""message"": ""7 important data fields are missing or unavailable."", ""value"": 7.0}, {""type"": ""MISSINGNESS"", ""feature"": ""Important_Missing_Rate"", ""message"": ""Important missingness rate is 25.0%."", ""value"": 0.25}, {""type"": ""EXTREME_HIGH"", ""feature"": ""Other_Denial_Rate"", ""message"": ""Other Denial Rate = 0.9710, above the dataset 99th percentile (0.9331)."", ""value"": 0.9710144927536232, ""threshold"": 0.9330645446507517}]","7 important data fields are missing or unavailable. Important missingness rate is 25.0%. Other Denial Rate = 0.9710, above the dataset 99th percentile (0.9331)."
94529WI0240074,94529,WI,Group Health Cooperative of South Central Wisconsin,HMO,Silver,FFE,Individual,0.0537897319826665,HIGH,3,HIGH,"{""MISSINGNESS"": 2, ""DATA_QUALITY_FLAG"": 1}","[""Total_Important_Missing_Count"", ""Important_Missing_Rate"", ""Other_Denial_Rate_Invalid_Flag""]","[{""type"": ""MISSINGNESS"", ""feature"": ""Total_Important_Missing_Count"", ""message"": ""11 important data fields are missing or unavailable."", ""value"": 11.0}, {""type"": ""MISSINGNESS"", ""feature"": ""Important_Missing_Rate"", ""message"": ""Important missingness rate is 39.3%."", ""value"": 0.3928571428571428}, {""type"": ""DATA_QUALITY_FLAG"", ""feature"": ""Other_Denial_Rate_Invalid_Flag"", ""message"": ""Other Denial Rate contains an invalid raw value."", ""value"": 1}]",11 important data fields are missing or unavailable. Important missingness rate is 39.3%. Other Denial Rate contains an invalid raw value.
94529WI0240075,94529,WI,Group Health Cooperative of South Central Wisconsin,HMO,Bronze,FFE,Individual,0.0047030488563625,HIGH,3,HIGH,"{""MISSINGNESS"": 2, ""DATA_QUALITY_FLAG"": 1}","[""Total_Important_Missing_Count"", ""Important_Missing_Rate"", ""Other_Denial_Rate_Invalid_Flag""]","[{""type"": ""MISSINGNESS"", ""feature"": ""Total_Important_Missing_Count"", ""message"": ""8 important data fields are missing or unavailable."", ""value"": 8.0}, {""type"": ""MISSINGNESS"", ""feature"": ""Important_Missing_Rate"", ""message"": ""Important missingness rate is 28.6%."", ""value"": 0.2857142857142857}, {""type"": ""DATA_QUALITY_FLAG"", ""feature"": ""Other_Denial_Rate_Invalid_Flag"", ""message"": ""Other Denial Rate contains an invalid raw value."", ""value"": 1}]",8 important data fields are missing or unavailable. Important missingness rate is 28.6%. Other Denial Rate contains an invalid raw value.
94529WI0240077,94529,WI,Group Health Cooperative of South Central Wisconsin,HMO,Platinum,FFE,Individual,0.0206484999328332,HIGH,3,HIGH,"{""MISSINGNESS"": 2, ""DATA_QUALITY_FLAG"": 1}","[""Total_Important_Missing_Count"", ""Important_Missing_Rate"", ""Other_Denial_Rate_Invalid_Flag""]","[{""type"": ""MISSINGNESS"", ""feature"": ""Total_Important_Missing_Count"", ""message"": ""9 important data fields are missing or unavailable."", ""value"": 9.0}, {""type"": ""MISSINGNESS"", ""feature"": ""Important_Missing_Rate"", ""message"": ""Important missingness rate is 32.1%."", ""value"": 0.3214285714285714}, {""type"": ""DATA_QUALITY_FLAG"", ""feature"": ""Other_Denial_Rate_Invalid_Flag"", ""message"": ""Other Denial Rate contains an invalid raw value."", ""value"": 1}]",9 important data fields are missing or unavailable. Important missingness rate is 32.1%. Other Denial Rate contains an invalid raw value.
94529WI0240079,94529,WI,Group Health Cooperative of South Central Wisconsin,HMO,Silver,FFE,Individual,0.0297740814552639,HIGH,3,HIGH,"{""MISSINGNESS"": 2, ""DATA_QUALITY_FLAG"": 1}","[""Total_Important_Missing_Count"", ""Important_Missing_Rate"", ""Other_Denial_Rate_Invalid_Flag""]","[{""type"": ""MISSINGNESS"", ""feature"": ""Total_Important_Missing_Count"", ""message"": ""10 important data fields are missing or unavailable."", ""value"": 10.0}, {""type"": ""MISSINGNESS"", ""feature"": ""Important_Missing_Rate"", ""message"": ""Important missingness rate is 35.7%."", ""value"": 0.3571428571428571}, {""type"": ""DATA_QUALITY_FLAG"", ""feature"": ""Other_Denial_Rate_Invalid_Flag"", ""message"": ""Other Denial Rate contains an invalid raw value."", ""value"": 1}]",10 important data fields are missing or unavailable. Important missingness rate is 35.7%. Other Denial Rate contains an invalid raw value.
94529WI0240083,94529,WI,Group Health Cooperative of South Central Wisconsin,HMO,Bronze,FFE,Individual,0.0313098663409399,HIGH,3,HIGH,"{""MISSINGNESS"": 2, ""DATA_QUALITY_FLAG"": 1}","[""Total_Important_Missing_Count"", ""Important_Missing_Rate"", ""Other_Denial_Rate_Invalid_Flag""]","[{""type"": ""MISSINGNESS"", ""feature"": ""Total_Important_Missing_Count"", ""message"": ""10 important data fields are missing or unavailable."", ""value"": 10.0}, {""type"": ""MISSINGNESS"", ""feature"": ""Important_Missing_Rate"", ""message"": ""Important missingness rate is 35.7%."", ""value"": 0.3571428571428571}, {""type"": ""DATA_QUALITY_FLAG"", ""feature"": ""Other_Denial_Rate_Invalid_Flag"", ""message"": ""Other Denial Rate contains an invalid raw value."", ""value"": 1}]",10 important data fields are missing or unavailable. Important missingness rate is 35.7%. Other Denial Rate contains an invalid raw value.
98113UT0010001,98113,UT,"Imperial Health Plan of the Southwest, Inc.",HMO,Bronze,SPE,Individual,0.0595530034270962,HIGH,2,MEDIUM,"{""MISSINGNESS"": 2}","[""Total_Important_Missing_Count"", ""Important_Missing_Rate""]","[{""type"": ""MISSINGNESS"", ""feature"": ""Total_Important_Missing_Count"", ""message"": ""9 important data fields are missing or unavailable."", ""value"": 9.0}, {""type"": ""MISSINGNESS"", ""feature"": ""Important_Missing_Rate"", ""message"": ""Important missingness rate is 32.1%."", ""value"": 0.3214285714285714}]",9 important data fields are missing or unavailable. Important missingness rate is 32.1%.
98113UT0010002,98113,UT,"Imperial Health Plan of the Southwest, Inc.",HMO,Silver,SPE,Individual,0.0704253178139148,HIGH,2,MEDIUM,"{""MISSINGNESS"": 2}","[""Total_Important_Missing_Count"", ""Important_Missing_Rate""]","[{""type"": ""MISSINGNESS"", ""feature"": ""Total_Important_Missing_Count"", ""message"": ""10 important data fields are missing or unavailable."", ""value"": 10.0}, {""type"": ""MISSINGNESS"", ""feature"": ""Important_Missing_Rate"", ""message"": ""Important missingness rate is 35.7%."", ""value"": 0.3571428571428571}]",10 important data fields are missing or unavailable. Important missingness rate is 35.7%.
98113UT0010003,98113,UT,"Imperial Health Plan of the Southwest, Inc.",HMO,Gold,SPE,Individual,0.0504381128213702,HIGH,2,MEDIUM,"{""MISSINGNESS"": 2}","[""Total_Important_Missing_Count"", ""Important_Missing_Rate""]","[{""type"": ""MISSINGNESS"", ""feature"": ""Total_Important_Missing_Count"", ""message"": ""9 important data fields are missing or unavailable."", ""value"": 9.0}, {""type"": ""MISSINGNESS"", ""feature"": ""Important_Missing_Rate"", ""message"": ""Important missingness rate is 32.1%."", ""value"": 0.3214285714285714}]",9 important data fields are missing or unavailable. Important missingness rate is 32.1%.
98113UT0020001,98113,UT,"Imperial Health Plan of the Southwest, Inc.",HMO,Silver,SPE,Individual,0.0549359490556777,HIGH,2,MEDIUM,"{""MISSINGNESS"": 2}","[""Total_Important_Missing_Count"", ""Important_Missing_Rate""]","[{""type"": ""MISSINGNESS"", ""feature"": ""Total_Important_Missing_Count"", ""message"": ""10 important data fields are missing or unavailable."", ""value"": 10.0}, {""type"": ""MISSINGNESS"", ""feature"": ""Important_Missing_Rate"", ""message"": ""Important missingness rate is 35.7%."", ""value"": 0.3571428571428571}]",10 important data fields are missing or unavailable. Important missingness rate is 35.7%.
98113UT0020002,98113,UT,"Imperial Health Plan of the Southwest, Inc.",HMO,Gold,SPE,Individual,0.0725191219353257,HIGH,2,MEDIUM,"{""MISSINGNESS"": 2}","[""Total_Important_Missing_Count"", ""Important_Missing_Rate""]","[{""type"": ""MISSINGNESS"", ""feature"": ""Total_Important_Missing_Count"", ""message"": ""12 important data fields are missing or unavailable."", ""value"": 12.0}, {""type"": ""MISSINGNESS"", ""feature"": ""Important_Missing_Rate"", ""message"": ""Important missingness rate is 42.9%."", ""value"": 0.4285714285714285}]",12 important data fields are missing or unavailable. Important missingness rate is 42.9%.
99723MO0090070,99723,MO,Celtic Insurance Company,EPO,Silver,FFE,Individual,0.0274456794966378,HIGH,1,MEDIUM,"{""MISSINGNESS"": 1}","[""Total_Important_Missing_Count""]","[{""type"": ""MISSINGNESS"", ""feature"": ""Total_Important_Missing_Count"", ""message"": ""1 important data fields are missing or unavailable."", ""value"": 1.0}]",1 important data fields are missing or unavailable.
10046HI0020003,10046,HI,BEST Life and Health Insurance Company,PPO,High,SPE,Individual,0.0806583371021454,HIGH,2,MEDIUM,"{""MISSINGNESS"": 2}","[""Total_Important_Missing_Count"", ""Important_Missing_Rate""]","[{""type"": ""MISSINGNESS"", ""feature"": ""Total_Important_Missing_Count"", ""message"": ""11 important data fields are missing or unavailable."", ""value"": 11.0}, {""type"": ""MISSINGNESS"", ""feature"": ""Important_Missing_Rate"", ""message"": ""Important missingness rate is 39.3%."", ""value"": 0.3928571428571428}]",11 important data fields are missing or unavailable. Important missingness rate is 39.3%.
10046HI0020006,10046,HI,BEST Life and Health Insurance Company,PPO,Low,SPE,Individual,0.0696981796648679,HIGH,2,MEDIUM,"{""MISSINGNESS"": 2}","[""Total_Important_Missing_Count"", ""Important_Missing_Rate""]","[{""type"": ""MISSINGNESS"", ""feature"": ""Total_Important_Missing_Count"", ""message"": ""8 important data fields are missing or unavailable."", ""value"": 8.0}, {""type"": ""MISSINGNESS"", ""feature"": ""Important_Missing_Rate"", ""message"": ""Important missingness rate is 28.6%."", ""value"": 0.2857142857142857}]",8 important data fields are missing or unavailable. Important missingness rate is 28.6%.
10046HI0020007,10046,HI,BEST Life and Health Insurance Company,PPO,High,SPE,Individual,0.0928283067499731,HIGH,2,MEDIUM,"{""MISSINGNESS"": 2}","[""Total_Important_Missing_Count"", ""Important_Missing_Rate""]","[{""type"": ""MISSINGNESS"", ""feature"": ""Total_Important_Missing_Count"", ""message"": ""13 important data fields are missing or unavailable."", ""value"": 13.0}, {""type"": ""MISSINGNESS"", ""feature"": ""Important_Missing_Rate"", ""message"": ""Important missingness rate is 46.4%."", ""value"": 0.4642857142857143}]",13 important data fields are missing or unavailable. Important missingness rate is 46.4%.
10046HI0020008,10046,HI,BEST Life and Health Insurance Company,PPO,Low,SPE,Individual,0.0696981796648679,HIGH,2,MEDIUM,"{""MISSINGNESS"": 2}","[""Total_Important_Missing_Count"", ""Important_Missing_Rate""]","[{""type"": ""MISSINGNESS"", ""feature"": ""Total_Important_Missing_Count"", ""message"": ""8 important data fields are missing or unavailable."", ""value"": 8.0}, {""type"": ""MISSINGNESS"", ""feature"": ""Important_Missing_Rate"", ""message"": ""Important missingness rate is 28.6%."", ""value"": 0.2857142857142857}]",8 important data fields are missing or unavailable. Important missingness rate is 28.6%.
11324MS0020003,11324,MS,BEST Life and Health Insurance Company,PPO,High,FFE,Individual,0.0512277854748116,HIGH,4,HIGH,"{""MISSINGNESS"": 2, ""EXTREME_HIGH"": 2}","[""Total_Important_Missing_Count"", ""Important_Missing_Rate"", ""Issuer_In_Network_Denial_Rate"", ""Issuer_Overall_Denial_Rate""]","[{""type"": ""MISSINGNESS"", ""feature"": ""Total_Important_Missing_Count"", ""message"": ""12 important data fields are missing or unavailable."", ""value"": 12.0}, {""type"": ""MISSINGNESS"", ""feature"": ""Important_Missing_Rate"", ""message"": ""Important missingness rate is 42.9%."", ""value"": 0.4285714285714285}, {""type"": ""EXTREME_HIGH"", ""feature"": ""Issuer_In_Network_Denial_Rate"", ""message"": ""Issuer In Network Denial Rate = 0.6190, above the dataset 99th percentile (0.5294)."", ""value"": 0.6190476190476191, ""threshold"": 0.5294117647058824}, {""type"": ""EXTREME_HIGH"", ""feature"": ""Issuer_Overall_Denial_Rate"", ""message"": ""Issuer Overall Denial Rate = 0.6190, above the dataset 99th percentile (0.5338)."", ""value"": 0.6190476190476191, ""threshold"": 0.5337690631808278}]","12 important data fields are missing or unavailable. Important missingness rate is 42.9%. Issuer In Network Denial Rate = 0.6190, above the dataset 99th percentile (0.5294). Issuer Overall Denial Rate = 0.6190, above the dataset 99th percentile (0.5338)."
11324MS0020006,11324,MS,BEST Life and Health Insurance Company,PPO,Low,FFE,Individual,0.0627010855043208,HIGH,4,HIGH,"{""MISSINGNESS"": 2, ""EXTREME_HIGH"": 2}","[""Total_Important_Missing_Count"", ""Important_Missing_Rate"", ""Issuer_In_Network_Denial_Rate"", ""Issuer_Overall_Denial_Rate""]","[{""type"": ""MISSINGNESS"", ""feature"": ""Total_Important_Missing_Count"", ""message"": ""12 important data fields are missing or unavailable."", ""value"": 12.0}, {""type"": ""MISSINGNESS"", ""feature"": ""Important_Missing_Rate"", ""message"": ""Important missingness rate is 42.9%."", ""value"": 0.4285714285714285}, {""type"": ""EXTREME_HIGH"", ""feature"": ""Issuer_In_Network_Denial_Rate"", ""message"": ""Issuer In Network Denial Rate = 0.6190, above the dataset 99th percentile (0.5294)."", ""value"": 0.6190476190476191, ""threshold"": 0.5294117647058824}, {""type"": ""EXTREME_HIGH"", ""feature"": ""Issuer_Overall_Denial_Rate"", ""message"": ""Issuer Overall Denial Rate = 0.6190, above the dataset 99th percentile (0.5338)."", ""value"": 0.6190476190476191, ""threshold"": 0.5337690631808278}]","12 important data fields are missing or unavailable. Important missingness rate is 42.9%. Issuer In Network Denial Rate = 0.6190, above the dataset 99th percentile (0.5294). Issuer Overall Denial Rate = 0.6190, above the dataset 99th percentile (0.5338)."
11324MS0020007,11324,MS,BEST Life and Health Insurance Company,PPO,High,FFE,Individual,0.0388577390051539,HIGH,4,HIGH,"{""MISSINGNESS"": 2, ""EXTREME_HIGH"": 2}","[""Total_Important_Missing_Count"", ""Important_Missing_Rate"", ""Issuer_In_Network_Denial_Rate"", ""Issuer_Overall_Denial_Rate""]","[{""type"": ""MISSINGNESS"", ""feature"": ""Total_Important_Missing_Count"", ""message"": ""8 important data fields are missing or unavailable."", ""value"": 8.0}, {""type"": ""MISSINGNESS"", ""feature"": ""Important_Missing_Rate"", ""message"": ""Important missingness rate is 28.6%."", ""value"": 0.2857142857142857}, {""type"": ""EXTREME_HIGH"", ""feature"": ""Issuer_In_Network_Denial_Rate"", ""message"": ""Issuer In Network Denial Rate = 0.6190, above the dataset 99th percentile (0.5294)."", ""value"": 0.6190476190476191, ""threshold"": 0.5294117647058824}, {""type"": ""EXTREME_HIGH"", ""feature"": ""Issuer_Overall_Denial_Rate"", ""message"": ""Issuer Overall Denial Rate = 0.6190, above the dataset 99th percentile (0.5338)."", ""value"": 0.6190476190476191, ""threshold"": 0.5337690631808278}]","8 important data fields are missing or unavailable. Important missingness rate is 28.6%. Issuer In Network Denial Rate = 0.6190, above the dataset 99th percentile (0.5294). Issuer Overall Denial Rate = 0.6190, above the dataset 99th percentile (0.5338)."
11324MS0020008,11324,MS,BEST Life and Health Insurance Company,PPO,Low,FFE,Individual,0.0459058727075621,HIGH,4,HIGH,"{""MISSINGNESS"": 2, ""EXTREME_HIGH"": 2}","[""Total_Important_Missing_Count"", ""Important_Missing_Rate"", ""Issuer_In_Network_Denial_Rate"", ""Issuer_Overall_Denial_Rate""]","[{""type"": ""MISSINGNESS"", ""feature"": ""Total_Important_Missing_Count"", ""message"": ""10 important data fields are missing or unavailable."", ""value"": 10.0}, {""type"": ""MISSINGNESS"", ""feature"": ""Important_Missing_Rate"", ""message"": ""Important missingness rate is 35.7%."", ""value"": 0.3571428571428571}, {""type"": ""EXTREME_HIGH"", ""feature"": ""Issuer_In_Network_Denial_Rate"", ""message"": ""Issuer In Network Denial Rate = 0.6190, above the dataset 99th percentile (0.5294)."", ""value"": 0.6190476190476191, ""threshold"": 0.5294117647058824}, {""type"": ""EXTREME_HIGH"", ""feature"": ""Issuer_Overall_Denial_Rate"", ""message"": ""Issuer Overall Denial Rate = 0.6190, above the dataset 99th percentile (0.5338)."", ""value"": 0.6190476190476191, ""threshold"": 0.5337690631808278}]","10 important data fields are missing or unavailable. Important missingness rate is 35.7%. Issuer In Network Denial Rate = 0.6190, above the dataset 99th percentile (0.5294). Issuer Overall Denial Rate = 0.6190, above the dataset 99th percentile (0.5338)."
11339KS0010007,11339,KS,Dentegra Insurance Company,PPO,Low,SPE,Individual,0.0016067245847679,HIGH,1,MEDIUM,"{""MISSINGNESS"": 1}","[""Total_Important_Missing_Count""]","[{""type"": ""MISSINGNESS"", ""feature"": ""Total_Important_Missing_Count"", ""message"": ""5 important data fields are missing or unavailable."", ""value"": 5.0}]",5 important data fields are missing or unavailable.
11339KS0010008,11339,KS,Dentegra Insurance Company,PPO,High,SPE,Individual,0.0037039302105118,HIGH,2,MEDIUM,"{""MISSINGNESS"": 2}","[""Total_Important_Missing_Count"", ""Important_Missing_Rate""]","[{""type"": ""MISSINGNESS"", ""feature"": ""Total_Important_Missing_Count"", ""message"": ""7 important data fields are missing or unavailable."", ""value"": 7.0}, {""type"": ""MISSINGNESS"", ""feature"": ""Important_Missing_Rate"", ""message"": ""Important missingness rate is 25.0%."", ""value"": 0.25}]",7 important data fields are missing or unavailable. Important missingness rate is 25.0%.
11904LA0010011,11904,LA,"DentaQuest USA Insurance Company, Inc.",PPO,High,FFE,Individual,0.0510243176451442,HIGH,2,MEDIUM,"{""MISSINGNESS"": 2}","[""Total_Important_Missing_Count"", ""Important_Missing_Rate""]","[{""type"": ""MISSINGNESS"", ""feature"": ""Total_Important_Missing_Count"", ""message"": ""8 important data fields are missing or unavailable."", ""value"": 8.0}, {""type"": ""MISSINGNESS"", ""feature"": ""Important_Missing_Rate"", ""message"": ""Important missingness rate is 28.6%."", ""value"": 0.2857142857142857}]",8 important data fields are missing or unavailable. Important missingness rate is 28.6%.
11904LA0010012,11904,LA,"DentaQuest USA Insurance Company, Inc.",PPO,High,FFE,Individual,0.0309577405287794,HIGH,2,MEDIUM,"{""MISSINGNESS"": 2}","[""Total_Important_Missing_Count"", ""Important_Missing_Rate""]","[{""type"": ""MISSINGNESS"", ""feature"": ""Total_Important_Missing_Count"", ""message"": ""8 important data fields are missing or unavailable."", ""value"": 8.0}, {""type"": ""MISSINGNESS"", ""feature"": ""Important_Missing_Rate"", ""message"": ""Important missingness rate is 28.6%."", ""value"": 0.2857142857142857}]",8 important data fields are missing or unavailable. Important missingness rate is 28.6%.
11904LA0010013,11904,LA,"DentaQuest USA Insurance Company, Inc.",PPO,Low,FFE,Individual,0.0548528940913939,HIGH,2,MEDIUM,"{""MISSINGNESS"": 2}","[""Total_Important_Missing_Count"", ""Important_Missing_Rate""]","[{""type"": ""MISSINGNESS"", ""feature"": ""Total_Important_Missing_Count"", ""message"": ""7 important data fields are missing or unavailable."", ""value"": 7.0}, {""type"": ""MISSINGNESS"", ""feature"": ""Important_Missing_Rate"", ""message"": ""Important missingness rate is 25.0%."", ""value"": 0.25}]",7 important data fields are missing or unavailable. Important missingness rate is 25.0%.
12538AL0020003,12538,AL,BEST Life and Health Insurance Company,PPO,High,FFE,Individual,0.1152770165063562,HIGH,2,MEDIUM,"{""MISSINGNESS"": 2}","[""Total_Important_Missing_Count"", ""Important_Missing_Rate""]","[{""type"": ""MISSINGNESS"", ""feature"": ""Total_Important_Missing_Count"", ""message"": ""13 important data fields are missing or unavailable."", ""value"": 13.0}, {""type"": ""MISSINGNESS"", ""feature"": ""Important_Missing_Rate"", ""message"": ""Important missingness rate is 46.4%."", ""value"": 0.4642857142857143}]",13 important data fields are missing or unavailable. Important missingness rate is 46.4%.
12538AL0020006,12538,AL,BEST Life and Health Insurance Company,PPO,Low,FFE,Individual,0.10981587014389,HIGH,2,MEDIUM,"{""MISSINGNESS"": 2}","[""Total_Important_Missing_Count"", ""Important_Missing_Rate""]","[{""type"": ""MISSINGNESS"", ""feature"": ""Total_Important_Missing_Count"", ""message"": ""10 important data fields are missing or unavailable."", ""value"": 10.0}, {""type"": ""MISSINGNESS"", ""feature"": ""Important_Missing_Rate"", ""message"": ""Important missingness rate is 35.7%."", ""value"": 0.3571428571428571}]",10 important data fields are missing or unavailable. Important missingness rate is 35.7%.
12538AL0020007,12538,AL,BEST Life and Health Insurance Company,PPO,High,FFE,Individual,0.1076767656935386,HIGH,2,MEDIUM,"{""MISSINGNESS"": 2}","[""Total_Important_Missing_Count"", ""Important_Missing_Rate""]","[{""type"": ""MISSINGNESS"", ""feature"": ""Total_Important_Missing_Count"", ""message"": ""12 important data fields are missing or unavailable."", ""value"": 12.0}, {""type"": ""MISSINGNESS"", ""feature"": ""Important_Missing_Rate"", ""message"": ""Important missingness rate is 42.9%."", ""value"": 0.4285714285714285}]",12 important data fields are missing or unavailable. Important missingness rate is 42.9%.
12538AL0020008,12538,AL,BEST Life and Health Insurance Company,PPO,Low,FFE,Individual,0.1066442022655044,HIGH,2,MEDIUM,"{""MISSINGNESS"": 2}","[""Total_Important_Missing_Count"", ""Important_Missing_Rate""]","[{""type"": ""MISSINGNESS"", ""feature"": ""Total_Important_Missing_Count"", ""message"": ""11 important data fields are missing or unavailable."", ""value"": 11.0}, {""type"": ""MISSINGNESS"", ""feature"": ""Important_Missing_Rate"", ""message"": ""Important missingness rate is 39.3%."", ""value"": 0.3928571428571428}]",11 important data fields are missing or unavailable. Important missingness rate is 39.3%.
14948UT0040003,14948,UT,"Alpha Dental of Utah, Inc.",HMO,Low,SPE,Individual,0.0227071195989089,HIGH,2,HIGH,"{""MISSINGNESS"": 1, ""EXTREME_HIGH"": 1}","[""Total_Important_Missing_Count"", ""Issuer_Out_of_Network_Denial_Rate""]","[{""type"": ""MISSINGNESS"", ""feature"": ""Total_Important_Missing_Count"", ""message"": ""6 important data fields are missing or unavailable."", ""value"": 6.0}, {""type"": ""EXTREME_HIGH"", ""feature"": ""Issuer_Out_of_Network_Denial_Rate"", ""message"": ""Issuer Out of Network Denial Rate = 1.000, above the dataset 99th percentile (0.9945)."", ""value"": 1.0, ""threshold"": 0.9944745510572734}]","6 important data fields are missing or unavailable. Issuer Out of Network Denial Rate = 1.000, above the dataset 99th percentile (0.9945)."
14948UT0040004,14948,UT,"Alpha Dental of Utah, Inc.",HMO,High,SPE,Individual,0.0414430727125069,HIGH,3,HIGH,"{""MISSINGNESS"": 2, ""EXTREME_HIGH"": 1}","[""Total_Important_Missing_Count"", ""Important_Missing_Rate"", ""Issuer_Out_of_Network_Denial_Rate""]","[{""type"": ""MISSINGNESS"", ""feature"": ""Total_Important_Missing_Count"", ""message"": ""8 important data fields are missing or unavailable."", ""value"": 8.0}, {""type"": ""MISSINGNESS"", ""feature"": ""Important_Missing_Rate"", ""message"": ""Important missingness rate is 28.6%."", ""value"": 0.2857142857142857}, {""type"": ""EXTREME_HIGH"", ""feature"": ""Issuer_Out_of_Network_Denial_Rate"", ""message"": ""Issuer Out of Network Denial Rate = 1.000, above the dataset 99th percentile (0.9945)."", ""value"": 1.0, ""threshold"": 0.9944745510572734}]","8 important data fields are missing or unavailable. Important missingness rate is 28.6%. Issuer Out of Network Denial Rate = 1.000, above the dataset 99th percentile (0.9945)."
17121FL0020006,17121,FL,BEST Life and Health Insurance Company,PPO,Low,FFE,Individual,0.0320917854909887,HIGH,2,MEDIUM,"{""MISSINGNESS"": 2}","[""Total_Important_Missing_Count"", ""Important_Missing_Rate""]","[{""type"": ""MISSINGNESS"", ""feature"": ""Total_Important_Missing_Count"", ""message"": ""9 important data fields are missing or unavailable."", ""value"": 9.0}, {""type"": ""MISSINGNESS"", ""feature"": ""Important_Missing_Rate"", ""message"": ""Important missingness rate is 32.1%."", ""value"": 0.3214285714285714}]",9 important data fields are missing or unavailable. Important missingness rate is 32.1%.
17121FL0020007,17121,FL,BEST Life and Health Insurance Company,PPO,High,FFE,Individual,0.0308826908466763,HIGH,2,MEDIUM,"{""MISSINGNESS"": 2}","[""Total_Important_Missing_Count"", ""Important_Missing_Rate""]","[{""type"": ""MISSINGNESS"", ""feature"": ""Total_Important_Missing_Count"", ""message"": ""11 important data fields are missing or unavailable."", ""value"": 11.0}, {""type"": ""MISSINGNESS"", ""feature"": ""Important_Missing_Rate"", ""message"": ""Important missingness rate is 39.3%."", ""value"": 0.3928571428571428}]",11 important data fields are missing or unavailable. Important missingness rate is 39.3%.
17121FL0020008,17121,FL,BEST Life and Health Insurance Company,PPO,Low,FFE,Individual,0.0197833022608959,HIGH,2,MEDIUM,"{""MISSINGNESS"": 2}","[""Total_Important_Missing_Count"", ""Important_Missing_Rate""]","[{""type"": ""MISSINGNESS"", ""feature"": ""Total_Important_Missing_Count"", ""message"": ""11 important data fields are missing or unavailable."", ""value"": 11.0}, {""type"": ""MISSINGNESS"", ""feature"": ""Important_Missing_Rate"", ""message"": ""Important missingness rate is 39.3%."", ""value"": 0.3928571428571428}]",11 important data fields are missing or unavailable. Important missingness rate is 39.3%.
23018TX0020001,23018,TX,"Dominion Dental Services, Inc.",PPO,Low,FFE,Individual,0.0607873824996214,HIGH,2,MEDIUM,"{""MISSINGNESS"": 2}","[""Total_Important_Missing_Count"", ""Important_Missing_Rate""]","[{""type"": ""MISSINGNESS"", ""feature"": ""Total_Important_Missing_Count"", ""message"": ""28 important data fields are missing or unavailable."", ""value"": 28.0}, {""type"": ""MISSINGNESS"", ""feature"": ""Important_Missing_Rate"", ""message"": ""Important missingness rate is 100.0%."", ""value"": 1.0}]",28 important data fields are missing or unavailable. Important missingness rate is 100.0%.
23018TX0020002,23018,TX,"Dominion Dental Services, Inc.",PPO,High,FFE,Individual,0.0607873824996214,HIGH,2,MEDIUM,"{""MISSINGNESS"": 2}","[""Total_Important_Missing_Count"", ""Important_Missing_Rate""]","[{""type"": ""MISSINGNESS"", ""feature"": ""Total_Important_Missing_Count"", ""message"": ""28 important data fields are missing or unavailable."", ""value"": 28.0}, {""type"": ""MISSINGNESS"", ""feature"": ""Important_Missing_Rate"", ""message"": ""Important missingness rate is 100.0%."", ""value"": 1.0}]",28 important data fields are missing or unavailable. Important missingness rate is 100.0%.
23018TX0020003,23018,TX,"Dominion Dental Services, Inc.",PPO,Low,FFE,Individual,0.0607873824996214,HIGH,2,MEDIUM,"{""MISSINGNESS"": 2}","[""Total_Important_Missing_Count"", ""Important_Missing_Rate""]","[{""type"": ""MISSINGNESS"", ""feature"": ""Total_Important_Missing_Count"", ""message"": ""28 important data fields are missing or unavailable."", ""value"": 28.0}, {""type"": ""MISSINGNESS"", ""feature"": ""Important_Missing_Rate"", ""message"": ""Important missingness rate is 100.0%."", ""value"": 1.0}]",28 important data fields are missing or unavailable. Important missingness rate is 100.0%.
23018TX0020004,23018,TX,"Dominion Dental Services, Inc.",PPO,Low,FFE,Individual,0.0607873824996214,HIGH,2,MEDIUM,"{""MISSINGNESS"": 2}","[""Total_Important_Missing_Count"", ""Important_Missing_Rate""]","[{""type"": ""MISSINGNESS"", ""feature"": ""Total_Important_Missing_Count"", ""message"": ""28 important data fields are missing or unavailable."", ""value"": 28.0}, {""type"": ""MISSINGNESS"", ""feature"": ""Important_Missing_Rate"", ""message"": ""Important missingness rate is 100.0%."", ""value"": 1.0}]",28 important data fields are missing or unavailable. Important missingness rate is 100.0%.
23018TX0020005,23018,TX,"Dominion Dental Services, Inc.",PPO,Low,FFE,Individual,0.0607873824996214,HIGH,2,MEDIUM,"{""MISSINGNESS"": 2}","[""Total_Important_Missing_Count"", ""Important_Missing_Rate""]","[{""type"": ""MISSINGNESS"", ""feature"": ""Total_Important_Missing_Count"", ""message"": ""28 important data fields are missing or unavailable."", ""value"": 28.0}, {""type"": ""MISSINGNESS"", ""feature"": ""Important_Missing_Rate"", ""message"": ""Important missingness rate is 100.0%."", ""value"": 1.0}]",28 important data fields are missing or unavailable. Important missingness rate is 100.0%.
23018TX0020006,23018,TX,"Dominion Dental Services, Inc.",PPO,High,FFE,Individual,0.0607873824996214,HIGH,2,MEDIUM,"{""MISSINGNESS"": 2}","[""Total_Important_Missing_Count"", ""Important_Missing_Rate""]","[{""type"": ""MISSINGNESS"", ""feature"": ""Total_Important_Missing_Count"", ""message"": ""28 important data fields are missing or unavailable."", ""value"": 28.0}, {""type"": ""MISSINGNESS"", ""feature"": ""Important_Missing_Rate"", ""message"": ""Important missingness rate is 100.0%."", ""value"": 1.0}]",28 important data fields are missing or unavailable. Important missingness rate is 100.0%.
23603MT0320001,23603,MT,PacificSource Health Plans,Indemnity,High,SPE,Individual,0.0358845960697148,HIGH,5,HIGH,"{""MISSINGNESS"": 2, ""EXTREME_HIGH"": 1, ""DATA_QUALITY_FLAG"": 2}","[""Total_Important_Missing_Count"", ""Important_Missing_Rate"", ""Benefit_Limit_Denial_Rate"", ""Member_Not_Covered_Denial_Rate_Invalid_Flag"", ""Administrative_Denial_Rate_Invalid_Flag""]","[{""type"": ""MISSINGNESS"", ""feature"": ""Total_Important_Missing_Count"", ""message"": ""7 important data fields are missing or unavailable."", ""value"": 7.0}, {""type"": ""MISSINGNESS"", ""feature"": ""Important_Missing_Rate"", ""message"": ""Important missingness rate is 25.0%."", ""value"": 0.25}, {""type"": ""EXTREME_HIGH"", ""feature"": ""Benefit_Limit_Denial_Rate"", ""message"": ""Benefit Limit Denial Rate = 0.4583, above the dataset 99th percentile (0.3493)."", ""value"": 0.4583333333333333, ""threshold"": 0.34929582151624977}, {""type"": ""DATA_QUALITY_FLAG"", ""feature"": ""Member_Not_Covered_Denial_Rate_Invalid_Flag"", ""message"": ""Member Not Covered Denial Rate contains an invalid raw value."", ""value"": 1}, {""type"": ""DATA_QUALITY_FLAG"", ""feature"": ""Administrative_Denial_Rate_Invalid_Flag"", ""message"": ""Administrative Denial Rate contains an invalid raw value."", ""value"": 1}]","7 important data fields are missing or unavailable. Important missingness rate is 25.0%. Benefit Limit Denial Rate = 0.4583, above the dataset 99th percentile (0.3493). Member Not Covered Denial Rate contains an invalid raw value. Administrative Denial Rate contains an invalid raw value."
23603MT0320002,23603,MT,PacificSource Health Plans,Indemnity,High,SPE,Individual,0.0523362937543665,HIGH,2,MEDIUM,"{""MISSINGNESS"": 2}","[""Total_Important_Missing_Count"", ""Important_Missing_Rate""]","[{""type"": ""MISSINGNESS"", ""feature"": ""Total_Important_Missing_Count"", ""message"": ""9 important data fields are missing or unavailable."", ""value"": 9.0}, {""type"": ""MISSINGNESS"", ""feature"": ""Important_Missing_Rate"", ""message"": ""Important missingness rate is 32.1%."", ""value"": 0.3214285714285714}]",9 important data fields are missing or unavailable. Important missingness rate is 32.1%.
23603MT0320003,23603,MT,PacificSource Health Plans,Indemnity,High,SPE,Individual,0.0657781640376765,HIGH,4,HIGH,"{""MISSINGNESS"": 2, ""EXTREME_HIGH"": 1, ""DATA_QUALITY_FLAG"": 1}","[""Total_Important_Missing_Count"", ""Important_Missing_Rate"", ""Benefit_Limit_Denial_Rate"", ""Member_Not_Covered_Denial_Rate_Invalid_Flag""]","[{""type"": ""MISSINGNESS"", ""feature"": ""Total_Important_Missing_Count"", ""message"": ""10 important data fields are missing or unavailable."", ""value"": 10.0}, {""type"": ""MISSINGNESS"", ""feature"": ""Important_Missing_Rate"", ""message"": ""Important missingness rate is 35.7%."", ""value"": 0.3571428571428571}, {""type"": ""EXTREME_HIGH"", ""feature"": ""Benefit_Limit_Denial_Rate"", ""message"": ""Benefit Limit Denial Rate = 0.6000, above the dataset 99th percentile (0.3493)."", ""value"": 0.6, ""threshold"": 0.34929582151624977}, {""type"": ""DATA_QUALITY_FLAG"", ""feature"": ""Member_Not_Covered_Denial_Rate_Invalid_Flag"", ""message"": ""Member Not Covered Denial Rate contains an invalid raw value."", ""value"": 1}]","10 important data fields are missing or unavailable. Important missingness rate is 35.7%. Benefit Limit Denial Rate = 0.6000, above the dataset 99th percentile (0.3493). Member Not Covered Denial Rate contains an invalid raw value."
24106AZ0010001,24106,AZ,TRUASSURE INSURANCE COMPANY,PPO,Low,FFE,Individual,0.0382973039324011,HIGH,6,HIGH,"{""MISSINGNESS"": 2, ""EXTREME_HIGH"": 3, ""DATA_QUALITY_FLAG"": 1}","[""Total_Important_Missing_Count"", ""Important_Missing_Rate"", ""Issuer_In_Network_Denial_Rate"", ""Plan_In_Network_Denial_Rate"", ""Plan_Overall_Denial_Rate"", ""Other_Denial_Rate_Invalid_Flag""]","[{""type"": ""MISSINGNESS"", ""feature"": ""Total_Important_Missing_Count"", ""message"": ""8 important data fields are missing or unavailable."", ""value"": 8.0}, {""type"": ""MISSINGNESS"", ""feature"": ""Important_Missing_Rate"", ""message"": ""Important missingness rate is 28.6%."", ""value"": 0.2857142857142857}, {""type"": ""EXTREME_HIGH"", ""feature"": ""Issuer_In_Network_Denial_Rate"", ""message"": ""Issuer In Network Denial Rate = 0.5392, above the dataset 99th percentile (0.5294)."", ""value"": 0.5391644908616188, ""threshold"": 0.5294117647058824}, {""type"": ""EXTREME_HIGH"", ""feature"": ""Plan_In_Network_Denial_Rate"", ""message"": ""Plan In Network Denial Rate = 0.6084, above the dataset 99th percentile (0.5450)."", ""value"": 0.6083916083916084, ""threshold"": 0.5449650349650338}, {""type"": ""EXTREME_HIGH"", ""feature"": ""Plan_Overall_Denial_Rate"", ""message"": ""Plan Overall Denial Rate = 0.5762, above the dataset 99th percentile (0.5645)."", ""value"": 0.5761589403973509, ""threshold"": 0.5645416666666657}, {""type"": ""DATA_QUALITY_FLAG"", ""feature"": ""Other_Denial_Rate_Invalid_Flag"", ""message"": ""Other Denial Rate contains an invalid raw value."", ""value"": 1}]","8 important data fields are missing or unavailable. Important missingness rate is 28.6%. Issuer In Network Denial Rate = 0.5392, above the dataset 99th percentile (0.5294). Plan In Network Denial Rate = 0.6084, above the dataset 99th percentile (0.5450). Plan Overall Denial Rate = 0.5762, above the dataset 99th percentile (0.5645). 1 additional evidence item(s)."
24106AZ0020001,24106,AZ,TRUASSURE INSURANCE COMPANY,PPO,High,FFE,Individual,0.0647812706939958,HIGH,4,HIGH,"{""MISSINGNESS"": 2, ""EXTREME_HIGH"": 1, ""DATA_QUALITY_FLAG"": 1}","[""Total_Important_Missing_Count"", ""Important_Missing_Rate"", ""Issuer_In_Network_Denial_Rate"", ""Other_Denial_Rate_Invalid_Flag""]","[{""type"": ""MISSINGNESS"", ""feature"": ""Total_Important_Missing_Count"", ""message"": ""11 important data fields are missing or unavailable."", ""value"": 11.0}, {""type"": ""MISSINGNESS"", ""feature"": ""Important_Missing_Rate"", ""message"": ""Important missingness rate is 39.3%."", ""value"": 0.3928571428571428}, {""type"": ""EXTREME_HIGH"", ""feature"": ""Issuer_In_Network_Denial_Rate"", ""message"": ""Issuer In Network Denial Rate = 0.5392, above the dataset 99th percentile (0.5294)."", ""value"": 0.5391644908616188, ""threshold"": 0.5294117647058824}, {""type"": ""DATA_QUALITY_FLAG"", ""feature"": ""Other_Denial_Rate_Invalid_Flag"", ""message"": ""Other Denial Rate contains an invalid raw value."", ""value"": 1}]","11 important data fields are missing or unavailable. Important missingness rate is 39.3%. Issuer In Network Denial Rate = 0.5392, above the dataset 99th percentile (0.5294). Other Denial Rate contains an invalid raw value."
24601TN0020003,24601,TN,BEST Life and Health Insurance Company,PPO,High,FFE,Individual,0.0886984462715999,HIGH,2,MEDIUM,"{""MISSINGNESS"": 2}","[""Total_Important_Missing_Count"", ""Important_Missing_Rate""]","[{""type"": ""MISSINGNESS"", ""feature"": ""Total_Important_Missing_Count"", ""message"": ""12 important data fields are missing or unavailable."", ""value"": 12.0}, {""type"": ""MISSINGNESS"", ""feature"": ""Important_Missing_Rate"", ""message"": ""Important missingness rate is 42.9%."", ""value"": 0.4285714285714285}]",12 important data fields are missing or unavailable. Important missingness rate is 42.9%.
24601TN0020006,24601,TN,BEST Life and Health Insurance Company,PPO,Low,FFE,Individual,0.062506955432505,HIGH,3,HIGH,"{""MISSINGNESS"": 2, ""EXTREME_HIGH"": 1}","[""Total_Important_Missing_Count"", ""Important_Missing_Rate"", ""Services_Excluded_Denial_Rate""]","[{""type"": ""MISSINGNESS"", ""feature"": ""Total_Important_Missing_Count"", ""message"": ""11 important data fields are missing or unavailable."", ""value"": 11.0}, {""type"": ""MISSINGNESS"", ""feature"": ""Important_Missing_Rate"", ""message"": ""Important missingness rate is 39.3%."", ""value"": 0.3928571428571428}, {""type"": ""EXTREME_HIGH"", ""feature"": ""Services_Excluded_Denial_Rate"", ""message"": ""Services Excluded Denial Rate = 0.9167, above the dataset 99th percentile (0.8640)."", ""value"": 0.9166666666666666, ""threshold"": 0.8640388588074182}]","11 important data fields are missing or unavailable. Important missingness rate is 39.3%. Services Excluded Denial Rate = 0.9167, above the dataset 99th percentile (0.8640)."
24601TN0020007,24601,TN,BEST Life and Health Insurance Company,PPO,High,FFE,Individual,0.0596985374324845,HIGH,2,MEDIUM,"{""MISSINGNESS"": 2}","[""Total_Important_Missing_Count"", ""Important_Missing_Rate""]","[{""type"": ""MISSINGNESS"", ""feature"": ""Total_Important_Missing_Count"", ""message"": ""9 important data fields are missing or unavailable."", ""value"": 9.0}, {""type"": ""MISSINGNESS"", ""feature"": ""Important_Missing_Rate"", ""message"": ""Important missingness rate is 32.1%."", ""value"": 0.3214285714285714}]",9 important data fields are missing or unavailable. Important missingness rate is 32.1%.
24601TN0020008,24601,TN,BEST Life and Health Insurance Company,PPO,Low,FFE,Individual,0.0745107025607367,HIGH,2,MEDIUM,"{""MISSINGNESS"": 2}","[""Total_Important_Missing_Count"", ""Important_Missing_Rate""]","[{""type"": ""MISSINGNESS"", ""feature"": ""Total_Important_Missing_Count"", ""message"": ""12 important data fields are missing or unavailable."", ""value"": 12.0}, {""type"": ""MISSINGNESS"", ""feature"": ""Important_Missing_Rate"", ""message"": ""Important missingness rate is 42.9%."", ""value"": 0.4285714285714285}]",12 important data fields are missing or unavailable. Important missingness rate is 42.9%.
25945OH0020001,25945,OH,Health Resources of Ohio Inc,PPO,Low,SPE,Individual,0.0607873824996214,HIGH,2,MEDIUM,"{""MISSINGNESS"": 2}","[""Total_Important_Missing_Count"", ""Important_Missing_Rate""]","[{""type"": ""MISSINGNESS"", ""feature"": ""Total_Important_Missing_Count"", ""message"": ""28 important data fields are missing or unavailable."", ""value"": 28.0}, {""type"": ""MISSINGNESS"", ""feature"": ""Important_Missing_Rate"", ""message"": ""Important missingness rate is 100.0%."", ""value"": 1.0}]",28 important data fields are missing or unavailable. Important missingness rate is 100.0%.
25945OH0020002,25945,OH,Health Resources of Ohio Inc,PPO,Low,SPE,Individual,0.0607873824996214,HIGH,2,MEDIUM,"{""MISSINGNESS"": 2}","[""Total_Important_Missing_Count"", ""Important_Missing_Rate""]","[{""type"": ""MISSINGNESS"", ""feature"": ""Total_Important_Missing_Count"", ""message"": ""28 important data fields are missing or unavailable."", ""value"": 28.0}, {""type"": ""MISSINGNESS"", ""feature"": ""Important_Missing_Rate"", ""message"": ""Important missingness rate is 100.0%."", ""value"": 1.0}]",28 important data fields are missing or unavailable. Important missingness rate is 100.0%.
25945OH0020003,25945,OH,Health Resources of Ohio Inc,PPO,Low,SPE,Individual,0.0607873824996214,HIGH,2,MEDIUM,"{""MISSINGNESS"": 2}","[""Total_Important_Missing_Count"", ""Important_Missing_Rate""]","[{""type"": ""MISSINGNESS"", ""feature"": ""Total_Important_Missing_Count"", ""message"": ""28 important data fields are missing or unavailable."", ""value"": 28.0}, {""type"": ""MISSINGNESS"", ""feature"": ""Important_Missing_Rate"", ""message"": ""Important missingness rate is 100.0%."", ""value"": 1.0}]",28 important data fields are missing or unavailable. Important missingness rate is 100.0%.
26904AR0020003,26904,AR,BEST Life and Health Insurance Company,PPO,High,SBE-FP,Individual,0.0607873824996214,HIGH,2,MEDIUM,"{""MISSINGNESS"": 2}","[""Total_Important_Missing_Count"", ""Important_Missing_Rate""]","[{""type"": ""MISSINGNESS"", ""feature"": ""Total_Important_Missing_Count"", ""message"": ""28 important data fields are missing or unavailable."", ""value"": 28.0}, {""type"": ""MISSINGNESS"", ""feature"": ""Important_Missing_Rate"", ""message"": ""Important missingness rate is 100.0%."", ""value"": 1.0}]",28 important data fields are missing or unavailable. Important missingness rate is 100.0%.
26904AR0020006,26904,AR,BEST Life and Health Insurance Company,PPO,High,SBE-FP,Individual,0.0607873824996214,HIGH,2,MEDIUM,"{""MISSINGNESS"": 2}","[""Total_Important_Missing_Count"", ""Important_Missing_Rate""]","[{""type"": ""MISSINGNESS"", ""feature"": ""Total_Important_Missing_Count"", ""message"": ""28 important data fields are missing or unavailable."", ""value"": 28.0}, {""type"": ""MISSINGNESS"", ""feature"": ""Important_Missing_Rate"", ""message"": ""Important missingness rate is 100.0%."", ""value"": 1.0}]",28 important data fields are missing or unavailable. Important missingness rate is 100.0%.
26904AR0020007,26904,AR,BEST Life and Health Insurance Company,PPO,High,SBE-FP,Individual,0.0607873824996214,HIGH,2,MEDIUM,"{""MISSINGNESS"": 2}","[""Total_Important_Missing_Count"", ""Important_Missing_Rate""]","[{""type"": ""MISSINGNESS"", ""feature"": ""Total_Important_Missing_Count"", ""message"": ""28 important data fields are missing or unavailable."", ""value"": 28.0}, {""type"": ""MISSINGNESS"", ""feature"": ""Important_Missing_Rate"", ""message"": ""Important missingness rate is 100.0%."", ""value"": 1.0}]",28 important data fields are missing or unavailable. Important missingness rate is 100.0%.
26904AR0020008,26904,AR,BEST Life and Health Insurance Company,PPO,High,SBE-FP,Individual,0.0607873824996214,HIGH,2,MEDIUM,"{""MISSINGNESS"": 2}","[""Total_Important_Missing_Count"", ""Important_Missing_Rate""]","[{""type"": ""MISSINGNESS"", ""feature"": ""Total_Important_Missing_Count"", ""message"": ""28 important data fields are missing or unavailable."", ""value"": 28.0}, {""type"": ""MISSINGNESS"", ""feature"": ""Important_Missing_Rate"", ""message"": ""Important missingness rate is 100.0%."", ""value"": 1.0}]",28 important data fields are missing or unavailable. Important missingness rate is 100.0%.
27409HI0070001,27409,HI,Guardian Life Insurance Company of America,PPO,Low,SPE,Individual,0.0607873824996214,HIGH,2,MEDIUM,"{""MISSINGNESS"": 2}","[""Total_Important_Missing_Count"", ""Important_Missing_Rate""]","[{""type"": ""MISSINGNESS"", ""feature"": ""Total_Important_Missing_Count"", ""message"": ""28 important data fields are missing or unavailable."", ""value"": 28.0}, {""type"": ""MISSINGNESS"", ""feature"": ""Important_Missing_Rate"", ""message"": ""Important missingness rate is 100.0%."", ""value"": 1.0}]",28 important data fields are missing or unavailable. Important missingness rate is 100.0%.
27409HI0080001,27409,HI,Guardian Life Insurance Company of America,PPO,Low,SPE,Individual,0.0607873824996214,HIGH,2,MEDIUM,"{""MISSINGNESS"": 2}","[""Total_Important_Missing_Count"", ""Important_Missing_Rate""]","[{""type"": ""MISSINGNESS"", ""feature"": ""Total_Important_Missing_Count"", ""message"": ""28 important data fields are missing or unavailable."", ""value"": 28.0}, {""type"": ""MISSINGNESS"", ""feature"": ""Important_Missing_Rate"", ""message"": ""Important missingness rate is 100.0%."", ""value"": 1.0}]",28 important data fields are missing or unavailable. Important missingness rate is 100.0%.
27409HI0090001,27409,HI,Guardian Life Insurance Company of America,PPO,Low,SPE,Individual,0.0607873824996214,HIGH,2,MEDIUM,"{""MISSINGNESS"": 2}","[""Total_Important_Missing_Count"", ""Important_Missing_Rate""]","[{""type"": ""MISSINGNESS"", ""feature"": ""Total_Important_Missing_Count"", ""message"": ""28 important data fields are missing or unavailable."", ""value"": 28.0}, {""type"": ""MISSINGNESS"", ""feature"": ""Important_Missing_Rate"", ""message"": ""Important missingness rate is 100.0%."", ""value"": 1.0}]",28 important data fields are missing or unavailable. Important missingness rate is 100.0%.
28415OR0260001,28415,OR,"Oregon Dental Service, DBA Delta Dental Plan of Oregon",PPO,Low,SBE-FP,Individual,0.0019814965284918,HIGH,2,MEDIUM,"{""MISSINGNESS"": 2}","[""Total_Important_Missing_Count"", ""Important_Missing_Rate""]","[{""type"": ""MISSINGNESS"", ""feature"": ""Total_Important_Missing_Count"", ""message"": ""9 important data fields are missing or unavailable."", ""value"": 9.0}, {""type"": ""MISSINGNESS"", ""feature"": ""Important_Missing_Rate"", ""message"": ""Important missingness rate is 32.1%."", ""value"": 0.3214285714285714}]",9 important data fields are missing or unavailable. Important missingness rate is 32.1%.
29416MO0020003,29416,MO,BEST Life and Health Insurance Company,PPO,High,FFE,Individual,0.0345749795028035,HIGH,2,MEDIUM,"{""MISSINGNESS"": 2}","[""Total_Important_Missing_Count"", ""Important_Missing_Rate""]","[{""type"": ""MISSINGNESS"", ""feature"": ""Total_Important_Missing_Count"", ""message"": ""12 important data fields are missing or unavailable."", ""value"": 12.0}, {""type"": ""MISSINGNESS"", ""feature"": ""Important_Missing_Rate"", ""message"": ""Important missingness rate is 42.9%."", ""value"": 0.4285714285714285}]",12 important data fields are missing or unavailable. Important missingness rate is 42.9%.
29416MO0020006,29416,MO,BEST Life and Health Insurance Company,PPO,Low,FFE,Individual,0.049477882198415,HIGH,2,MEDIUM,"{""MISSINGNESS"": 2}","[""Total_Important_Missing_Count"", ""Important_Missing_Rate""]","[{""type"": ""MISSINGNESS"", ""feature"": ""Total_Important_Missing_Count"", ""message"": ""11 important data fields are missing or unavailable."", ""value"": 11.0}, {""type"": ""MISSINGNESS"", ""feature"": ""Important_Missing_Rate"", ""message"": ""Important missingness rate is 39.3%."", ""value"": 0.3928571428571428}]",11 important data fields are missing or unavailable. Important missingness rate is 39.3%.
29416MO0020007,29416,MO,BEST Life and Health Insurance Company,PPO,High,FFE,Individual,0.0472326170757279,HIGH,4,HIGH,"{""MISSINGNESS"": 2, ""EXTREME_HIGH"": 2}","[""Total_Important_Missing_Count"", ""Important_Missing_Rate"", ""Plan_In_Network_Denial_Rate"", ""Plan_Overall_Denial_Rate""]","[{""type"": ""MISSINGNESS"", ""feature"": ""Total_Important_Missing_Count"", ""message"": ""11 important data fields are missing or unavailable."", ""value"": 11.0}, {""type"": ""MISSINGNESS"", ""feature"": ""Important_Missing_Rate"", ""message"": ""Important missingness rate is 39.3%."", ""value"": 0.3928571428571428}, {""type"": ""EXTREME_HIGH"", ""feature"": ""Plan_In_Network_Denial_Rate"", ""message"": ""Plan In Network Denial Rate = 0.5667, above the dataset 99th percentile (0.5450)."", ""value"": 0.5666666666666667, ""threshold"": 0.5449650349650338}, {""type"": ""EXTREME_HIGH"", ""feature"": ""Plan_Overall_Denial_Rate"", ""message"": ""Plan Overall Denial Rate = 0.5667, above the dataset 99th percentile (0.5645)."", ""value"": 0.5666666666666667, ""threshold"": 0.5645416666666657}]","11 important data fields are missing or unavailable. Important missingness rate is 39.3%. Plan In Network Denial Rate = 0.5667, above the dataset 99th percentile (0.5450). Plan Overall Denial Rate = 0.5667, above the dataset 99th percentile (0.5645)."
29416MO0020008,29416,MO,BEST Life and Health Insurance Company,PPO,Low,FFE,Individual,0.0420034420662717,HIGH,3,HIGH,"{""MISSINGNESS"": 2, ""EXTREME_HIGH"": 1}","[""Total_Important_Missing_Count"", ""Important_Missing_Rate"", ""Services_Excluded_Denial_Rate""]","[{""type"": ""MISSINGNESS"", ""feature"": ""Total_Important_Missing_Count"", ""message"": ""11 important data fields are missing or unavailable."", ""value"": 11.0}, {""type"": ""MISSINGNESS"", ""feature"": ""Important_Missing_Rate"", ""message"": ""Important missingness rate is 39.3%."", ""value"": 0.3928571428571428}, {""type"": ""EXTREME_HIGH"", ""feature"": ""Services_Excluded_Denial_Rate"", ""message"": ""Services Excluded Denial Rate = 1.000, above the dataset 99th percentile (0.8640)."", ""value"": 1.0, ""threshold"": 0.8640388588074182}]","11 important data fields are missing or unavailable. Important missingness rate is 39.3%. Services Excluded Denial Rate = 1.000, above the dataset 99th percentile (0.8640)."
31256MI0010002,31256,MI,"DENCAP Dental Plans, Inc.",HMO,High,SPE,Individual,0.062785364877259,HIGH,3,MEDIUM,"{""MISSINGNESS"": 2, ""EXTREME_LOW"": 1}","[""Total_Important_Missing_Count"", ""Important_Missing_Rate"", ""Plan_In_Network_Denial_Rate""]","[{""type"": ""MISSINGNESS"", ""feature"": ""Total_Important_Missing_Count"", ""message"": ""7 important data fields are missing or unavailable."", ""value"": 7.0}, {""type"": ""MISSINGNESS"", ""feature"": ""Important_Missing_Rate"", ""message"": ""Important missingness rate is 25.0%."", ""value"": 0.25}, {""type"": ""EXTREME_LOW"", ""feature"": ""Plan_In_Network_Denial_Rate"", ""message"": ""Plan In Network Denial Rate = 0.0000, below the dataset 1st percentile (0.0268)."", ""value"": 0.0, ""threshold"": 0.02682627845178696}]","7 important data fields are missing or unavailable. Important missingness rate is 25.0%. Plan In Network Denial Rate = 0.0000, below the dataset 1st percentile (0.0268)."
31256MI0010006,31256,MI,"DENCAP Dental Plans, Inc.",HMO,High,SPE,Individual,0.0708575763973906,HIGH,2,MEDIUM,"{""MISSINGNESS"": 2}","[""Total_Important_Missing_Count"", ""Important_Missing_Rate""]","[{""type"": ""MISSINGNESS"", ""feature"": ""Total_Important_Missing_Count"", ""message"": ""11 important data fields are missing or unavailable."", ""value"": 11.0}, {""type"": ""MISSINGNESS"", ""feature"": ""Important_Missing_Rate"", ""message"": ""Important missingness rate is 39.3%."", ""value"": 0.3928571428571428}]",11 important data fields are missing or unavailable. Important missingness rate is 39.3%.
31256MI0010007,31256,MI,"DENCAP Dental Plans, Inc.",HMO,High,SPE,Individual,0.0546179191205279,HIGH,2,MEDIUM,"{""MISSINGNESS"": 2}","[""Total_Important_Missing_Count"", ""Important_Missing_Rate""]","[{""type"": ""MISSINGNESS"", ""feature"": ""Total_Important_Missing_Count"", ""message"": ""10 important data fields are missing or unavailable."", ""value"": 10.0}, {""type"": ""MISSINGNESS"", ""feature"": ""Important_Missing_Rate"", ""message"": ""Important missingness rate is 35.7%."", ""value"": 0.3571428571428571}]",10 important data fields are missing or unavailable. Important missingness rate is 35.7%.
31358HI0010001,31358,HI,Humana Insurance Company,PPO,Low,SPE,Individual,0.0607873824996214,HIGH,2,MEDIUM,"{""MISSINGNESS"": 2}","[""Total_Important_Missing_Count"", ""Important_Missing_Rate""]","[{""type"": ""MISSINGNESS"", ""feature"": ""Total_Important_Missing_Count"", ""message"": ""28 important data fields are missing or unavailable."", ""value"": 28.0}, {""type"": ""MISSINGNESS"", ""feature"": ""Important_Missing_Rate"", ""message"": ""Important missingness rate is 100.0%."", ""value"": 1.0}]",28 important data fields are missing or unavailable. Important missingness rate is 100.0%.
31358HI0010002,31358,HI,Humana Insurance Company,PPO,High,SPE,Individual,0.0607873824996214,HIGH,2,MEDIUM,"{""MISSINGNESS"": 2}","[""Total_Important_Missing_Count"", ""Important_Missing_Rate""]","[{""type"": ""MISSINGNESS"", ""feature"": ""Total_Important_Missing_Count"", ""message"": ""28 important data fields are missing or unavailable."", ""value"": 28.0}, {""type"": ""MISSINGNESS"", ""feature"": ""Important_Missing_Rate"", ""message"": ""Important missingness rate is 100.0%."", ""value"": 1.0}]",28 important data fields are missing or unavailable. Important missingness rate is 100.0%.
33086IN0060001,33086,IN,"Health Resources, Inc.",HMO,Low,FFE,Individual,0.0196618301075753,HIGH,3,HIGH,"{""MISSINGNESS"": 2, ""EXTREME_HIGH"": 1}","[""Total_Important_Missing_Count"", ""Important_Missing_Rate"", ""Services_Excluded_Denial_Rate""]","[{""type"": ""MISSINGNESS"", ""feature"": ""Total_Important_Missing_Count"", ""message"": ""9 important data fields are missing or unavailable."", ""value"": 9.0}, {""type"": ""MISSINGNESS"", ""feature"": ""Important_Missing_Rate"", ""message"": ""Important missingness rate is 32.1%."", ""value"": 0.3214285714285714}, {""type"": ""EXTREME_HIGH"", ""feature"": ""Services_Excluded_Denial_Rate"", ""message"": ""Services Excluded Denial Rate = 0.9289, above the dataset 99th percentile (0.8640)."", ""value"": 0.9289340101522844, ""threshold"": 0.8640388588074182}]","9 important data fields are missing or unavailable. Important missingness rate is 32.1%. Services Excluded Denial Rate = 0.9289, above the dataset 99th percentile (0.8640)."
34964OH0030010,34964,OH,"DentaQuest National Insurance Company, Inc.",PPO,Low,SPE,Individual,0.0075094699571479,HIGH,1,MEDIUM,"{""MISSINGNESS"": 1}","[""Total_Important_Missing_Count""]","[{""type"": ""MISSINGNESS"", ""feature"": ""Total_Important_Missing_Count"", ""message"": ""2 important data fields are missing or unavailable."", ""value"": 2.0}]",2 important data fields are missing or unavailable.
35700MI0020003,35700,MI,BEST Life and Health Insurance Company,PPO,High,SPE,Individual,0.0168187201562228,HIGH,7,HIGH,"{""MISSINGNESS"": 2, ""EXTREME_HIGH"": 4, ""DATA_QUALITY_FLAG"": 1}","[""Total_Important_Missing_Count"", ""Important_Missing_Rate"", ""Issuer_In_Network_Denial_Rate"", ""Issuer_Overall_Denial_Rate"", ""Plan_In_Network_Denial_Rate"", ""Plan_Overall_Denial_Rate"", ""Services_Excluded_Denial_Rate_Invalid_Flag""]","[{""type"": ""MISSINGNESS"", ""feature"": ""Total_Important_Missing_Count"", ""message"": ""8 important data fields are missing or unavailable."", ""value"": 8.0}, {""type"": ""MISSINGNESS"", ""feature"": ""Important_Missing_Rate"", ""message"": ""Important missingness rate is 28.6%."", ""value"": 0.2857142857142857}, {""type"": ""EXTREME_HIGH"", ""feature"": ""Issuer_In_Network_Denial_Rate"", ""message"": ""Issuer In Network Denial Rate = 0.6694, above the dataset 99th percentile (0.5294)."", ""value"": 0.6694214876033058, ""threshold"": 0.5294117647058824}, {""type"": ""EXTREME_HIGH"", ""feature"": ""Issuer_Overall_Denial_Rate"", ""message"": ""Issuer Overall Denial Rate = 0.6763, above the dataset 99th percentile (0.5338)."", ""value"": 0.6762589928057554, ""threshold"": 0.5337690631808278}, {""type"": ""EXTREME_HIGH"", ""feature"": ""Plan_In_Network_Denial_Rate"", ""message"": ""Plan In Network Denial Rate = 0.6000, above the dataset 99th percentile (0.5450)."", ""value"": 0.6, ""threshold"": 0.5449650349650338}, {""type"": ""EXTREME_HIGH"", ""feature"": ""Plan_Overall_Denial_Rate"", ""message"": ""Plan Overall Denial Rate = 0.6000, above the dataset 99th percentile (0.5645)."", ""value"": 0.6, ""threshold"": 0.5645416666666657}, {""type"": ""DATA_QUALITY_FLAG"", ""feature"": ""Services_Excluded_Denial_Rate_Invalid_Flag"", ""message"": ""Services Excluded Denial Rate contains an invalid raw value."", ""value"": 1}]","8 important data fields are missing or unavailable. Important missingness rate is 28.6%. Issuer In Network Denial Rate = 0.6694, above the dataset 99th percentile (0.5294). Issuer Overall Denial Rate = 0.6763, above the dataset 99th percentile (0.5338). Plan In Network Denial Rate = 0.6000, above the dataset 99th percentile (0.5450). 2 additional evidence item(s)."
35700MI0020006,35700,MI,BEST Life and Health Insurance Company,PPO,Low,SPE,Individual,0.0172159229570745,HIGH,8,HIGH,"{""MISSINGNESS"": 2, ""EXTREME_HIGH"": 6}","[""Total_Important_Missing_Count"", ""Important_Missing_Rate"", ""Issuer_In_Network_Denial_Rate"", ""Issuer_Overall_Denial_Rate"", ""Plan_In_Network_Denial_Rate"", ""Plan_Overall_Denial_Rate"", ""Plan_In_Network_Resubmission_Rate"", ""Plan_Overall_Resubmission_Rate""]","[{""type"": ""MISSINGNESS"", ""feature"": ""Total_Important_Missing_Count"", ""message"": ""8 important data fields are missing or unavailable."", ""value"": 8.0}, {""type"": ""MISSINGNESS"", ""feature"": ""Important_Missing_Rate"", ""message"": ""Important missingness rate is 28.6%."", ""value"": 0.2857142857142857}, {""type"": ""EXTREME_HIGH"", ""feature"": ""Issuer_In_Network_Denial_Rate"", ""message"": ""Issuer In Network Denial Rate = 0.6694, above the dataset 99th percentile (0.5294)."", ""value"": 0.6694214876033058, ""threshold"": 0.5294117647058824}, {""type"": ""EXTREME_HIGH"", ""feature"": ""Issuer_Overall_Denial_Rate"", ""message"": ""Issuer Overall Denial Rate = 0.6763, above the dataset 99th percentile (0.5338)."", ""value"": 0.6762589928057554, ""threshold"": 0.5337690631808278}, {""type"": ""EXTREME_HIGH"", ""feature"": ""Plan_In_Network_Denial_Rate"", ""message"": ""Plan In Network Denial Rate = 0.9130, above the dataset 99th percentile (0.5450)."", ""value"": 0.9130434782608696, ""threshold"": 0.5449650349650338}, {""type"": ""EXTREME_HIGH"", ""feature"": ""Plan_Overall_Denial_Rate"", ""message"": ""Plan Overall Denial Rate = 0.9130, above the dataset 99th percentile (0.5645)."", ""value"": 0.9130434782608696, ""threshold"": 0.5645416666666657}, {""type"": ""EXTREME_HIGH"", ""feature"": ""Plan_In_Network_Resubmission_Rate"", ""message"": ""Plan In Network Resubmission Rate = 0.7826, above the dataset 99th percentile (0.2535)."", ""value"": 0.782608695652174, ""threshold"": 0.2535258487237646}, {""type"": ""EXTREME_HIGH"", ""feature"": ""Plan_Overall_Resubmission_Rate"", ""message"": ""Plan Overall Resubmission Rate = 0.7826, above the dataset 99th percentile (0.2574)."", ""value"": 0.782608695652174, ""threshold"": 0.25740528833704834}]","8 important data fields are missing or unavailable. Important missingness rate is 28.6%. Issuer In Network Denial Rate = 0.6694, above the dataset 99th percentile (0.5294). Issuer Overall Denial Rate = 0.6763, above the dataset 99th percentile (0.5338). Plan In Network Denial Rate = 0.9130, above the dataset 99th percentile (0.5450). 3 additional evidence item(s)."
35700MI0020007,35700,MI,BEST Life and Health Insurance Company,PPO,High,SPE,Individual,0.0053357121906317,HIGH,4,HIGH,"{""MISSINGNESS"": 2, ""EXTREME_HIGH"": 2}","[""Total_Important_Missing_Count"", ""Important_Missing_Rate"", ""Issuer_In_Network_Denial_Rate"", ""Issuer_Overall_Denial_Rate""]","[{""type"": ""MISSINGNESS"", ""feature"": ""Total_Important_Missing_Count"", ""message"": ""8 important data fields are missing or unavailable."", ""value"": 8.0}, {""type"": ""MISSINGNESS"", ""feature"": ""Important_Missing_Rate"", ""message"": ""Important missingness rate is 28.6%."", ""value"": 0.2857142857142857}, {""type"": ""EXTREME_HIGH"", ""feature"": ""Issuer_In_Network_Denial_Rate"", ""message"": ""Issuer In Network Denial Rate = 0.6694, above the dataset 99th percentile (0.5294)."", ""value"": 0.6694214876033058, ""threshold"": 0.5294117647058824}, {""type"": ""EXTREME_HIGH"", ""feature"": ""Issuer_Overall_Denial_Rate"", ""message"": ""Issuer Overall Denial Rate = 0.6763, above the dataset 99th percentile (0.5338)."", ""value"": 0.6762589928057554, ""threshold"": 0.5337690631808278}]","8 important data fields are missing or unavailable. Important missingness rate is 28.6%. Issuer In Network Denial Rate = 0.6694, above the dataset 99th percentile (0.5294). Issuer Overall Denial Rate = 0.6763, above the dataset 99th percentile (0.5338)."
35700MI0020008,35700,MI,BEST Life and Health Insurance Company,PPO,Low,SPE,Individual,0.0155365074389353,HIGH,7,HIGH,"{""MISSINGNESS"": 2, ""EXTREME_HIGH"": 5}","[""Total_Important_Missing_Count"", ""Important_Missing_Rate"", ""Issuer_In_Network_Denial_Rate"", ""Issuer_Overall_Denial_Rate"", ""Plan_In_Network_Denial_Rate"", ""Plan_Overall_Denial_Rate"", ""Services_Excluded_Denial_Rate""]","[{""type"": ""MISSINGNESS"", ""feature"": ""Total_Important_Missing_Count"", ""message"": ""9 important data fields are missing or unavailable."", ""value"": 9.0}, {""type"": ""MISSINGNESS"", ""feature"": ""Important_Missing_Rate"", ""message"": ""Important missingness rate is 32.1%."", ""value"": 0.3214285714285714}, {""type"": ""EXTREME_HIGH"", ""feature"": ""Issuer_In_Network_Denial_Rate"", ""message"": ""Issuer In Network Denial Rate = 0.6694, above the dataset 99th percentile (0.5294)."", ""value"": 0.6694214876033058, ""threshold"": 0.5294117647058824}, {""type"": ""EXTREME_HIGH"", ""feature"": ""Issuer_Overall_Denial_Rate"", ""message"": ""Issuer Overall Denial Rate = 0.6763, above the dataset 99th percentile (0.5338)."", ""value"": 0.6762589928057554, ""threshold"": 0.5337690631808278}, {""type"": ""EXTREME_HIGH"", ""feature"": ""Plan_In_Network_Denial_Rate"", ""message"": ""Plan In Network Denial Rate = 0.6316, above the dataset 99th percentile (0.5450)."", ""value"": 0.631578947368421, ""threshold"": 0.5449650349650338}, {""type"": ""EXTREME_HIGH"", ""feature"": ""Plan_Overall_Denial_Rate"", ""message"": ""Plan Overall Denial Rate = 0.6316, above the dataset 99th percentile (0.5645)."", ""value"": 0.631578947368421, ""threshold"": 0.5645416666666657}, {""type"": ""EXTREME_HIGH"", ""feature"": ""Services_Excluded_Denial_Rate"", ""message"": ""Services Excluded Denial Rate = 0.9167, above the dataset 99th percentile (0.8640)."", ""value"": 0.9166666666666666, ""threshold"": 0.8640388588074182}]","9 important data fields are missing or unavailable. Important missingness rate is 32.1%. Issuer In Network Denial Rate = 0.6694, above the dataset 99th percentile (0.5294). Issuer Overall Denial Rate = 0.6763, above the dataset 99th percentile (0.5338). Plan In Network Denial Rate = 0.6316, above the dataset 99th percentile (0.5450). 2 additional evidence item(s)."
40254OK0020003,40254,OK,BEST Life and Health Insurance Company,PPO,High,FFE,Individual,0.0259958666424302,HIGH,3,HIGH,"{""MISSINGNESS"": 2, ""EXTREME_HIGH"": 1}","[""Total_Important_Missing_Count"", ""Important_Missing_Rate"", ""Plan_In_Network_Denial_Rate""]","[{""type"": ""MISSINGNESS"", ""feature"": ""Total_Important_Missing_Count"", ""message"": ""10 important data fields are missing or unavailable."", ""value"": 10.0}, {""type"": ""MISSINGNESS"", ""feature"": ""Important_Missing_Rate"", ""message"": ""Important missingness rate is 35.7%."", ""value"": 0.3571428571428571}, {""type"": ""EXTREME_HIGH"", ""feature"": ""Plan_In_Network_Denial_Rate"", ""message"": ""Plan In Network Denial Rate = 0.5455, above the dataset 99th percentile (0.5450)."", ""value"": 0.5454545454545454, ""threshold"": 0.5449650349650338}]","10 important data fields are missing or unavailable. Important missingness rate is 35.7%. Plan In Network Denial Rate = 0.5455, above the dataset 99th percentile (0.5450)."
40254OK0020006,40254,OK,BEST Life and Health Insurance Company,PPO,Low,FFE,Individual,0.0238919576201307,HIGH,2,MEDIUM,"{""MISSINGNESS"": 2}","[""Total_Important_Missing_Count"", ""Important_Missing_Rate""]","[{""type"": ""MISSINGNESS"", ""feature"": ""Total_Important_Missing_Count"", ""message"": ""10 important data fields are missing or unavailable."", ""value"": 10.0}, {""type"": ""MISSINGNESS"", ""feature"": ""Important_Missing_Rate"", ""message"": ""Important missingness rate is 35.7%."", ""value"": 0.3571428571428571}]",10 important data fields are missing or unavailable. Important missingness rate is 35.7%.
40254OK0020007,40254,OK,BEST Life and Health Insurance Company,PPO,High,FFE,Individual,0.0195121025055191,HIGH,2,MEDIUM,"{""MISSINGNESS"": 2}","[""Total_Important_Missing_Count"", ""Important_Missing_Rate""]","[{""type"": ""MISSINGNESS"", ""feature"": ""Total_Important_Missing_Count"", ""message"": ""11 important data fields are missing or unavailable."", ""value"": 11.0}, {""type"": ""MISSINGNESS"", ""feature"": ""Important_Missing_Rate"", ""message"": ""Important missingness rate is 39.3%."", ""value"": 0.3928571428571428}]",11 important data fields are missing or unavailable. Important missingness rate is 39.3%.
40254OK0020008,40254,OK,BEST Life and Health Insurance Company,PPO,Low,FFE,Individual,0.0041585895859815,HIGH,4,HIGH,"{""MISSINGNESS"": 2, ""EXTREME_HIGH"": 2}","[""Total_Important_Missing_Count"", ""Important_Missing_Rate"", ""Plan_In_Network_Denial_Rate"", ""Services_Excluded_Denial_Rate""]","[{""type"": ""MISSINGNESS"", ""feature"": ""Total_Important_Missing_Count"", ""message"": ""8 important data fields are missing or unavailable."", ""value"": 8.0}, {""type"": ""MISSINGNESS"", ""feature"": ""Important_Missing_Rate"", ""message"": ""Important missingness rate is 28.6%."", ""value"": 0.2857142857142857}, {""type"": ""EXTREME_HIGH"", ""feature"": ""Plan_In_Network_Denial_Rate"", ""message"": ""Plan In Network Denial Rate = 0.5455, above the dataset 99th percentile (0.5450)."", ""value"": 0.5454545454545454, ""threshold"": 0.5449650349650338}, {""type"": ""EXTREME_HIGH"", ""feature"": ""Services_Excluded_Denial_Rate"", ""message"": ""Services Excluded Denial Rate = 0.8889, above the dataset 99th percentile (0.8640)."", ""value"": 0.8888888888888888, ""threshold"": 0.8640388588074182}]","8 important data fields are missing or unavailable. Important missingness rate is 28.6%. Plan In Network Denial Rate = 0.5455, above the dataset 99th percentile (0.5450). Services Excluded Denial Rate = 0.8889, above the dataset 99th percentile (0.8640)."
42757UT0020003,42757,UT,BEST Life and Health Insurance Company,PPO,High,SPE,Individual,0.0653239286918099,HIGH,6,HIGH,"{""MISSINGNESS"": 2, ""EXTREME_HIGH"": 4}","[""Total_Important_Missing_Count"", ""Important_Missing_Rate"", ""Issuer_In_Network_Denial_Rate"", ""Issuer_Overall_Denial_Rate"", ""Plan_In_Network_Denial_Rate"", ""Plan_Overall_Denial_Rate""]","[{""type"": ""MISSINGNESS"", ""feature"": ""Total_Important_Missing_Count"", ""message"": ""11 important data fields are missing or unavailable."", ""value"": 11.0}, {""type"": ""MISSINGNESS"", ""feature"": ""Important_Missing_Rate"", ""message"": ""Important missingness rate is 39.3%."", ""value"": 0.3928571428571428}, {""type"": ""EXTREME_HIGH"", ""feature"": ""Issuer_In_Network_Denial_Rate"", ""message"": ""Issuer In Network Denial Rate = 0.6393, above the dataset 99th percentile (0.5294)."", ""value"": 0.639344262295082, ""threshold"": 0.5294117647058824}, {""type"": ""EXTREME_HIGH"", ""feature"": ""Issuer_Overall_Denial_Rate"", ""message"": ""Issuer Overall Denial Rate = 0.6393, above the dataset 99th percentile (0.5338)."", ""value"": 0.639344262295082, ""threshold"": 0.5337690631808278}, {""type"": ""EXTREME_HIGH"", ""feature"": ""Plan_In_Network_Denial_Rate"", ""message"": ""Plan In Network Denial Rate = 0.7500, above the dataset 99th percentile (0.5450)."", ""value"": 0.75, ""threshold"": 0.5449650349650338}, {""type"": ""EXTREME_HIGH"", ""feature"": ""Plan_Overall_Denial_Rate"", ""message"": ""Plan Overall Denial Rate = 0.7500, above the dataset 99th percentile (0.5645)."", ""value"": 0.75, ""threshold"": 0.5645416666666657}]","11 important data fields are missing or unavailable. Important missingness rate is 39.3%. Issuer In Network Denial Rate = 0.6393, above the dataset 99th percentile (0.5294). Issuer Overall Denial Rate = 0.6393, above the dataset 99th percentile (0.5338). Plan In Network Denial Rate = 0.7500, above the dataset 99th percentile (0.5450). 1 additional evidence item(s)."
42757UT0020006,42757,UT,BEST Life and Health Insurance Company,PPO,Low,SPE,Individual,0.055182170857721,HIGH,4,HIGH,"{""MISSINGNESS"": 2, ""EXTREME_HIGH"": 2}","[""Total_Important_Missing_Count"", ""Important_Missing_Rate"", ""Issuer_In_Network_Denial_Rate"", ""Issuer_Overall_Denial_Rate""]","[{""type"": ""MISSINGNESS"", ""feature"": ""Total_Important_Missing_Count"", ""message"": ""11 important data fields are missing or unavailable."", ""value"": 11.0}, {""type"": ""MISSINGNESS"", ""feature"": ""Important_Missing_Rate"", ""message"": ""Important missingness rate is 39.3%."", ""value"": 0.3928571428571428}, {""type"": ""EXTREME_HIGH"", ""feature"": ""Issuer_In_Network_Denial_Rate"", ""message"": ""Issuer In Network Denial Rate = 0.6393, above the dataset 99th percentile (0.5294)."", ""value"": 0.639344262295082, ""threshold"": 0.5294117647058824}, {""type"": ""EXTREME_HIGH"", ""feature"": ""Issuer_Overall_Denial_Rate"", ""message"": ""Issuer Overall Denial Rate = 0.6393, above the dataset 99th percentile (0.5338)."", ""value"": 0.639344262295082, ""threshold"": 0.5337690631808278}]","11 important data fields are missing or unavailable. Important missingness rate is 39.3%. Issuer In Network Denial Rate = 0.6393, above the dataset 99th percentile (0.5294). Issuer Overall Denial Rate = 0.6393, above the dataset 99th percentile (0.5338)."
42757UT0020007,42757,UT,BEST Life and Health Insurance Company,PPO,High,SPE,Individual,0.0548643423587061,HIGH,4,HIGH,"{""MISSINGNESS"": 2, ""EXTREME_HIGH"": 2}","[""Total_Important_Missing_Count"", ""Important_Missing_Rate"", ""Issuer_In_Network_Denial_Rate"", ""Issuer_Overall_Denial_Rate""]","[{""type"": ""MISSINGNESS"", ""feature"": ""Total_Important_Missing_Count"", ""message"": ""10 important data fields are missing or unavailable."", ""value"": 10.0}, {""type"": ""MISSINGNESS"", ""feature"": ""Important_Missing_Rate"", ""message"": ""Important missingness rate is 35.7%."", ""value"": 0.3571428571428571}, {""type"": ""EXTREME_HIGH"", ""feature"": ""Issuer_In_Network_Denial_Rate"", ""message"": ""Issuer In Network Denial Rate = 0.6393, above the dataset 99th percentile (0.5294)."", ""value"": 0.639344262295082, ""threshold"": 0.5294117647058824}, {""type"": ""EXTREME_HIGH"", ""feature"": ""Issuer_Overall_Denial_Rate"", ""message"": ""Issuer Overall Denial Rate = 0.6393, above the dataset 99th percentile (0.5338)."", ""value"": 0.639344262295082, ""threshold"": 0.5337690631808278}]","10 important data fields are missing or unavailable. Important missingness rate is 35.7%. Issuer In Network Denial Rate = 0.6393, above the dataset 99th percentile (0.5294). Issuer Overall Denial Rate = 0.6393, above the dataset 99th percentile (0.5338)."
42757UT0040001,42757,UT,BEST Life and Health Insurance Company,PPO,Low,SPE,Individual,0.0038666604467304,HIGH,4,HIGH,"{""MISSINGNESS"": 2, ""EXTREME_HIGH"": 2}","[""Total_Important_Missing_Count"", ""Important_Missing_Rate"", ""Issuer_In_Network_Denial_Rate"", ""Issuer_Overall_Denial_Rate""]","[{""type"": ""MISSINGNESS"", ""feature"": ""Total_Important_Missing_Count"", ""message"": ""22 important data fields are missing or unavailable."", ""value"": 22.0}, {""type"": ""MISSINGNESS"", ""feature"": ""Important_Missing_Rate"", ""message"": ""Important missingness rate is 78.6%."", ""value"": 0.7857142857142857}, {""type"": ""EXTREME_HIGH"", ""feature"": ""Issuer_In_Network_Denial_Rate"", ""message"": ""Issuer In Network Denial Rate = 0.6393, above the dataset 99th percentile (0.5294)."", ""value"": 0.639344262295082, ""threshold"": 0.5294117647058824}, {""type"": ""EXTREME_HIGH"", ""feature"": ""Issuer_Overall_Denial_Rate"", ""message"": ""Issuer Overall Denial Rate = 0.6393, above the dataset 99th percentile (0.5338)."", ""value"": 0.639344262295082, ""threshold"": 0.5337690631808278}]","22 important data fields are missing or unavailable. Important missingness rate is 78.6%. Issuer In Network Denial Rate = 0.6393, above the dataset 99th percentile (0.5294). Issuer Overall Denial Rate = 0.6393, above the dataset 99th percentile (0.5338)."
43433IN0010001,43433,IN,"DentaQuest USA Insurance Company, Inc.",EPO,High,FFE,Individual,0.0060501614338807,HIGH,2,MEDIUM,"{""MISSINGNESS"": 2}","[""Total_Important_Missing_Count"", ""Important_Missing_Rate""]","[{""type"": ""MISSINGNESS"", ""feature"": ""Total_Important_Missing_Count"", ""message"": ""9 important data fields are missing or unavailable."", ""value"": 9.0}, {""type"": ""MISSINGNESS"", ""feature"": ""Important_Missing_Rate"", ""message"": ""Important missingness rate is 32.1%."", ""value"": 0.3214285714285714}]",9 important data fields are missing or unavailable. Important missingness rate is 32.1%.
43433IN0010010,43433,IN,"DentaQuest USA Insurance Company, Inc.",EPO,Low,FFE,Individual,0.0269617918464105,HIGH,1,MEDIUM,"{""MISSINGNESS"": 1}","[""Total_Important_Missing_Count""]","[{""type"": ""MISSINGNESS"", ""feature"": ""Total_Important_Missing_Count"", ""message"": ""3 important data fields are missing or unavailable."", ""value"": 3.0}]",3 important data fields are missing or unavailable.
43512MO0010005,43512,MO,"Dominion Dental Services, Inc.",PPO,Low,FFE,Individual,0.002918747942453,HIGH,2,MEDIUM,"{""MISSINGNESS"": 2}","[""Total_Important_Missing_Count"", ""Important_Missing_Rate""]","[{""type"": ""MISSINGNESS"", ""feature"": ""Total_Important_Missing_Count"", ""message"": ""8 important data fields are missing or unavailable."", ""value"": 8.0}, {""type"": ""MISSINGNESS"", ""feature"": ""Important_Missing_Rate"", ""message"": ""Important missingness rate is 28.6%."", ""value"": 0.2857142857142857}]",8 important data fields are missing or unavailable. Important missingness rate is 28.6%.
43512MO0010006,43512,MO,"Dominion Dental Services, Inc.",PPO,High,FFE,Individual,0.014889130771727,HIGH,2,MEDIUM,"{""MISSINGNESS"": 2}","[""Total_Important_Missing_Count"", ""Important_Missing_Rate""]","[{""type"": ""MISSINGNESS"", ""feature"": ""Total_Important_Missing_Count"", ""message"": ""9 important data fields are missing or unavailable."", ""value"": 9.0}, {""type"": ""MISSINGNESS"", ""feature"": ""Important_Missing_Rate"", ""message"": ""Important missingness rate is 32.1%."", ""value"": 0.3214285714285714}]",9 important data fields are missing or unavailable. Important missingness rate is 32.1%.
43878TN0010001,43878,TN,"DentaQuest USA Insurance Company, Inc.",EPO,High,FFE,Individual,0.0213015897461847,HIGH,2,MEDIUM,"{""MISSINGNESS"": 2}","[""Total_Important_Missing_Count"", ""Important_Missing_Rate""]","[{""type"": ""MISSINGNESS"", ""feature"": ""Total_Important_Missing_Count"", ""message"": ""9 important data fields are missing or unavailable."", ""value"": 9.0}, {""type"": ""MISSINGNESS"", ""feature"": ""Important_Missing_Rate"", ""message"": ""Important missingness rate is 32.1%."", ""value"": 0.3214285714285714}]",9 important data fields are missing or unavailable. Important missingness rate is 32.1%.
43878TN0010004,43878,TN,"DentaQuest USA Insurance Company, Inc.",EPO,Low,FFE,Individual,0.0281519765322546,HIGH,4,HIGH,"{""MISSINGNESS"": 1, ""EXTREME_HIGH"": 1, ""DATA_QUALITY_FLAG"": 2}","[""Total_Important_Missing_Count"", ""Out_of_Network_Denial_Rate"", ""Services_Excluded_Denial_Rate_Invalid_Flag"", ""Other_Denial_Rate_Invalid_Flag""]","[{""type"": ""MISSINGNESS"", ""feature"": ""Total_Important_Missing_Count"", ""message"": ""6 important data fields are missing or unavailable."", ""value"": 6.0}, {""type"": ""EXTREME_HIGH"", ""feature"": ""Out_of_Network_Denial_Rate"", ""message"": ""Out of Network Denial Rate = 0.8391, above the dataset 99th percentile (0.6089)."", ""value"": 0.8390804597701149, ""threshold"": 0.6089085236718056}, {""type"": ""DATA_QUALITY_FLAG"", ""feature"": ""Services_Excluded_Denial_Rate_Invalid_Flag"", ""message"": ""Services Excluded Denial Rate contains an invalid raw value."", ""value"": 1}, {""type"": ""DATA_QUALITY_FLAG"", ""feature"": ""Other_Denial_Rate_Invalid_Flag"", ""message"": ""Other Denial Rate contains an invalid raw value."", ""value"": 1}]","6 important data fields are missing or unavailable. Out of Network Denial Rate = 0.8391, above the dataset 99th percentile (0.6089). Services Excluded Denial Rate contains an invalid raw value. Other Denial Rate contains an invalid raw value."
44580AL0380003,44580,AL,Humana Insurance Company,PPO,High,FFE,Individual,0.0189702377830278,HIGH,1,MEDIUM,"{""MISSINGNESS"": 1}","[""Total_Important_Missing_Count""]","[{""type"": ""MISSINGNESS"", ""feature"": ""Total_Important_Missing_Count"", ""message"": ""6 important data fields are missing or unavailable."", ""value"": 6.0}]",6 important data fields are missing or unavailable.
45550NE0010001,45550,NE,Delta Dental of Nebraska,PPO,Low,SPE,Individual,0.0053474582057717,HIGH,3,HIGH,"{""MISSINGNESS"": 2, ""EXTREME_HIGH"": 1}","[""Total_Important_Missing_Count"", ""Important_Missing_Rate"", ""Out_of_Network_Denial_Rate""]","[{""type"": ""MISSINGNESS"", ""feature"": ""Total_Important_Missing_Count"", ""message"": ""9 important data fields are missing or unavailable."", ""value"": 9.0}, {""type"": ""MISSINGNESS"", ""feature"": ""Important_Missing_Rate"", ""message"": ""Important missingness rate is 32.1%."", ""value"": 0.3214285714285714}, {""type"": ""EXTREME_HIGH"", ""feature"": ""Out_of_Network_Denial_Rate"", ""message"": ""Out of Network Denial Rate = 0.9333, above the dataset 99th percentile (0.6089)."", ""value"": 0.9333333333333332, ""threshold"": 0.6089085236718056}]","9 important data fields are missing or unavailable. Important missingness rate is 32.1%. Out of Network Denial Rate = 0.9333, above the dataset 99th percentile (0.6089)."
46958UT0470002,46958,UT,Humana Insurance Company,PPO,Low,SPE,Individual,0.0398954796564098,HIGH,7,HIGH,"{""MISSINGNESS"": 1, ""EXTREME_HIGH"": 4, ""DATA_QUALITY_FLAG"": 2}","[""Total_Important_Missing_Count"", ""Issuer_In_Network_Denial_Rate"", ""Issuer_Overall_Denial_Rate"", ""Plan_In_Network_Denial_Rate"", ""Plan_Overall_Denial_Rate"", ""Member_Not_Covered_Denial_Rate_Invalid_Flag"", ""Other_Denial_Rate_Invalid_Flag""]","[{""type"": ""MISSINGNESS"", ""feature"": ""Total_Important_Missing_Count"", ""message"": ""6 important data fields are missing or unavailable."", ""value"": 6.0}, {""type"": ""EXTREME_HIGH"", ""feature"": ""Issuer_In_Network_Denial_Rate"", ""message"": ""Issuer In Network Denial Rate = 1.000, above the dataset 99th percentile (0.5294)."", ""value"": 1.0, ""threshold"": 0.5294117647058824}, {""type"": ""EXTREME_HIGH"", ""feature"": ""Issuer_Overall_Denial_Rate"", ""message"": ""Issuer Overall Denial Rate = 1.000, above the dataset 99th percentile (0.5338)."", ""value"": 1.0, ""threshold"": 0.5337690631808278}, {""type"": ""EXTREME_HIGH"", ""feature"": ""Plan_In_Network_Denial_Rate"", ""message"": ""Plan In Network Denial Rate = 1.000, above the dataset 99th percentile (0.5450)."", ""value"": 1.0, ""threshold"": 0.5449650349650338}, {""type"": ""EXTREME_HIGH"", ""feature"": ""Plan_Overall_Denial_Rate"", ""message"": ""Plan Overall Denial Rate = 1.000, above the dataset 99th percentile (0.5645)."", ""value"": 1.0, ""threshold"": 0.5645416666666657}, {""type"": ""DATA_QUALITY_FLAG"", ""feature"": ""Member_Not_Covered_Denial_Rate_Invalid_Flag"", ""message"": ""Member Not Covered Denial Rate contains an invalid raw value."", ""value"": 1}, {""type"": ""DATA_QUALITY_FLAG"", ""feature"": ""Other_Denial_Rate_Invalid_Flag"", ""message"": ""Other Denial Rate contains an invalid raw value."", ""value"": 1}]","6 important data fields are missing or unavailable. Issuer In Network Denial Rate = 1.000, above the dataset 99th percentile (0.5294). Issuer Overall Denial Rate = 1.000, above the dataset 99th percentile (0.5338). Plan In Network Denial Rate = 1.000, above the dataset 99th percentile (0.5450). Plan Overall Denial Rate = 1.000, above the dataset 99th percentile (0.5645). 2 additional evidence item(s)."
47509OH0020003,47509,OH,BEST Life and Health Insurance Company,PPO,High,SPE,Individual,0.0758313557856797,HIGH,2,MEDIUM,"{""MISSINGNESS"": 2}","[""Total_Important_Missing_Count"", ""Important_Missing_Rate""]","[{""type"": ""MISSINGNESS"", ""feature"": ""Total_Important_Missing_Count"", ""message"": ""9 important data fields are missing or unavailable."", ""value"": 9.0}, {""type"": ""MISSINGNESS"", ""feature"": ""Important_Missing_Rate"", ""message"": ""Important missingness rate is 32.1%."", ""value"": 0.3214285714285714}]",9 important data fields are missing or unavailable. Important missingness rate is 32.1%.
47509OH0020006,47509,OH,BEST Life and Health Insurance Company,PPO,Low,SPE,Individual,0.0795683660565956,HIGH,2,MEDIUM,"{""MISSINGNESS"": 2}","[""Total_Important_Missing_Count"", ""Important_Missing_Rate""]","[{""type"": ""MISSINGNESS"", ""feature"": ""Total_Important_Missing_Count"", ""message"": ""9 important data fields are missing or unavailable."", ""value"": 9.0}, {""type"": ""MISSINGNESS"", ""feature"": ""Important_Missing_Rate"", ""message"": ""Important missingness rate is 32.1%."", ""value"": 0.3214285714285714}]",9 important data fields are missing or unavailable. Important missingness rate is 32.1%.
47509OH0020007,47509,OH,BEST Life and Health Insurance Company,PPO,High,SPE,Individual,0.0701930986314476,HIGH,1,MEDIUM,"{""MISSINGNESS"": 1}","[""Total_Important_Missing_Count""]","[{""type"": ""MISSINGNESS"", ""feature"": ""Total_Important_Missing_Count"", ""message"": ""6 important data fields are missing or unavailable."", ""value"": 6.0}]",6 important data fields are missing or unavailable.
47509OH0020008,47509,OH,BEST Life and Health Insurance Company,PPO,Low,SPE,Individual,0.0701930986314476,HIGH,1,MEDIUM,"{""MISSINGNESS"": 1}","[""Total_Important_Missing_Count""]","[{""type"": ""MISSINGNESS"", ""feature"": ""Total_Important_Missing_Count"", ""message"": ""6 important data fields are missing or unavailable."", ""value"": 6.0}]",6 important data fields are missing or unavailable.
47665TX0020003,47665,TX,BEST Life and Health Insurance Company,PPO,High,FFE,Individual,0.0020287773739804,HIGH,6,HIGH,"{""MISSINGNESS"": 2, ""EXTREME_HIGH"": 4}","[""Total_Important_Missing_Count"", ""Important_Missing_Rate"", ""Issuer_In_Network_Denial_Rate"", ""Issuer_Overall_Denial_Rate"", ""Plan_In_Network_Denial_Rate"", ""Plan_Overall_Denial_Rate""]","[{""type"": ""MISSINGNESS"", ""feature"": ""Total_Important_Missing_Count"", ""message"": ""7 important data fields are missing or unavailable."", ""value"": 7.0}, {""type"": ""MISSINGNESS"", ""feature"": ""Important_Missing_Rate"", ""message"": ""Important missingness rate is 25.0%."", ""value"": 0.25}, {""type"": ""EXTREME_HIGH"", ""feature"": ""Issuer_In_Network_Denial_Rate"", ""message"": ""Issuer In Network Denial Rate = 0.5817, above the dataset 99th percentile (0.5294)."", ""value"": 0.5816993464052288, ""threshold"": 0.5294117647058824}, {""type"": ""EXTREME_HIGH"", ""feature"": ""Issuer_Overall_Denial_Rate"", ""message"": ""Issuer Overall Denial Rate = 0.5722, above the dataset 99th percentile (0.5338)."", ""value"": 0.5721649484536082, ""threshold"": 0.5337690631808278}, {""type"": ""EXTREME_HIGH"", ""feature"": ""Plan_In_Network_Denial_Rate"", ""message"": ""Plan In Network Denial Rate = 0.5890, above the dataset 99th percentile (0.5450)."", ""value"": 0.589041095890411, ""threshold"": 0.5449650349650338}, {""type"": ""EXTREME_HIGH"", ""feature"": ""Plan_Overall_Denial_Rate"", ""message"": ""Plan Overall Denial Rate = 0.6222, above the dataset 99th percentile (0.5645)."", ""value"": 0.6222222222222222, ""threshold"": 0.5645416666666657}]","7 important data fields are missing or unavailable. Important missingness rate is 25.0%. Issuer In Network Denial Rate = 0.5817, above the dataset 99th percentile (0.5294). Issuer Overall Denial Rate = 0.5722, above the dataset 99th percentile (0.5338). Plan In Network Denial Rate = 0.5890, above the dataset 99th percentile (0.5450). 1 additional evidence item(s)."
47665TX0020006,47665,TX,BEST Life and Health Insurance Company,PPO,Low,FFE,Individual,0.0398840924563982,HIGH,4,HIGH,"{""MISSINGNESS"": 2, ""EXTREME_HIGH"": 2}","[""Total_Important_Missing_Count"", ""Important_Missing_Rate"", ""Issuer_In_Network_Denial_Rate"", ""Issuer_Overall_Denial_Rate""]","[{""type"": ""MISSINGNESS"", ""feature"": ""Total_Important_Missing_Count"", ""message"": ""12 important data fields are missing or unavailable."", ""value"": 12.0}, {""type"": ""MISSINGNESS"", ""feature"": ""Important_Missing_Rate"", ""message"": ""Important missingness rate is 42.9%."", ""value"": 0.4285714285714285}, {""type"": ""EXTREME_HIGH"", ""feature"": ""Issuer_In_Network_Denial_Rate"", ""message"": ""Issuer In Network Denial Rate = 0.5817, above the dataset 99th percentile (0.5294)."", ""value"": 0.5816993464052288, ""threshold"": 0.5294117647058824}, {""type"": ""EXTREME_HIGH"", ""feature"": ""Issuer_Overall_Denial_Rate"", ""message"": ""Issuer Overall Denial Rate = 0.5722, above the dataset 99th percentile (0.5338)."", ""value"": 0.5721649484536082, ""threshold"": 0.5337690631808278}]","12 important data fields are missing or unavailable. Important missingness rate is 42.9%. Issuer In Network Denial Rate = 0.5817, above the dataset 99th percentile (0.5294). Issuer Overall Denial Rate = 0.5722, above the dataset 99th percentile (0.5338)."
47665TX0020007,47665,TX,BEST Life and Health Insurance Company,PPO,High,FFE,Individual,0.0104773080980105,HIGH,6,HIGH,"{""MISSINGNESS"": 2, ""EXTREME_HIGH"": 4}","[""Total_Important_Missing_Count"", ""Important_Missing_Rate"", ""Issuer_In_Network_Denial_Rate"", ""Issuer_Overall_Denial_Rate"", ""Plan_In_Network_Denial_Rate"", ""Services_Excluded_Denial_Rate""]","[{""type"": ""MISSINGNESS"", ""feature"": ""Total_Important_Missing_Count"", ""message"": ""9 important data fields are missing or unavailable."", ""value"": 9.0}, {""type"": ""MISSINGNESS"", ""feature"": ""Important_Missing_Rate"", ""message"": ""Important missingness rate is 32.1%."", ""value"": 0.3214285714285714}, {""type"": ""EXTREME_HIGH"", ""feature"": ""Issuer_In_Network_Denial_Rate"", ""message"": ""Issuer In Network Denial Rate = 0.5817, above the dataset 99th percentile (0.5294)."", ""value"": 0.5816993464052288, ""threshold"": 0.5294117647058824}, {""type"": ""EXTREME_HIGH"", ""feature"": ""Issuer_Overall_Denial_Rate"", ""message"": ""Issuer Overall Denial Rate = 0.5722, above the dataset 99th percentile (0.5338)."", ""value"": 0.5721649484536082, ""threshold"": 0.5337690631808278}, {""type"": ""EXTREME_HIGH"", ""feature"": ""Plan_In_Network_Denial_Rate"", ""message"": ""Plan In Network Denial Rate = 0.6316, above the dataset 99th percentile (0.5450)."", ""value"": 0.631578947368421, ""threshold"": 0.5449650349650338}, {""type"": ""EXTREME_HIGH"", ""feature"": ""Services_Excluded_Denial_Rate"", ""message"": ""Services Excluded Denial Rate = 1.000, above the dataset 99th percentile (0.8640)."", ""value"": 1.0, ""threshold"": 0.8640388588074182}]","9 important data fields are missing or unavailable. Important missingness rate is 32.1%. Issuer In Network Denial Rate = 0.5817, above the dataset 99th percentile (0.5294). Issuer Overall Denial Rate = 0.5722, above the dataset 99th percentile (0.5338). Plan In Network Denial Rate = 0.6316, above the dataset 99th percentile (0.5450). 1 additional evidence item(s)."
47665TX0020008,47665,TX,BEST Life and Health Insurance Company,PPO,Low,FFE,Individual,0.0221744026834496,HIGH,6,HIGH,"{""MISSINGNESS"": 2, ""EXTREME_HIGH"": 3, ""DATA_QUALITY_FLAG"": 1}","[""Total_Important_Missing_Count"", ""Important_Missing_Rate"", ""Issuer_In_Network_Denial_Rate"", ""Issuer_Overall_Denial_Rate"", ""Plan_In_Network_Denial_Rate"", ""Services_Excluded_Denial_Rate_Invalid_Flag""]","[{""type"": ""MISSINGNESS"", ""feature"": ""Total_Important_Missing_Count"", ""message"": ""10 important data fields are missing or unavailable."", ""value"": 10.0}, {""type"": ""MISSINGNESS"", ""feature"": ""Important_Missing_Rate"", ""message"": ""Important missingness rate is 35.7%."", ""value"": 0.3571428571428571}, {""type"": ""EXTREME_HIGH"", ""feature"": ""Issuer_In_Network_Denial_Rate"", ""message"": ""Issuer In Network Denial Rate = 0.5817, above the dataset 99th percentile (0.5294)."", ""value"": 0.5816993464052288, ""threshold"": 0.5294117647058824}, {""type"": ""EXTREME_HIGH"", ""feature"": ""Issuer_Overall_Denial_Rate"", ""message"": ""Issuer Overall Denial Rate = 0.5722, above the dataset 99th percentile (0.5338)."", ""value"": 0.5721649484536082, ""threshold"": 0.5337690631808278}, {""type"": ""EXTREME_HIGH"", ""feature"": ""Plan_In_Network_Denial_Rate"", ""message"": ""Plan In Network Denial Rate = 0.5581, above the dataset 99th percentile (0.5450)."", ""value"": 0.5581395348837209, ""threshold"": 0.5449650349650338}, {""type"": ""DATA_QUALITY_FLAG"", ""feature"": ""Services_Excluded_Denial_Rate_Invalid_Flag"", ""message"": ""Services Excluded Denial Rate contains an invalid raw value."", ""value"": 1}]","10 important data fields are missing or unavailable. Important missingness rate is 35.7%. Issuer In Network Denial Rate = 0.5817, above the dataset 99th percentile (0.5294). Issuer Overall Denial Rate = 0.5722, above the dataset 99th percentile (0.5338). Plan In Network Denial Rate = 0.5581, above the dataset 99th percentile (0.5450). 1 additional evidence item(s)."
47731WY0030003,47731,WY,BEST Life and Health Insurance Company,PPO,High,FFE,Individual,0.0847320495703646,HIGH,5,HIGH,"{""MISSINGNESS"": 2, ""EXTREME_HIGH"": 3}","[""Total_Important_Missing_Count"", ""Important_Missing_Rate"", ""Issuer_In_Network_Denial_Rate"", ""Issuer_Overall_Denial_Rate"", ""Services_Excluded_Denial_Rate""]","[{""type"": ""MISSINGNESS"", ""feature"": ""Total_Important_Missing_Count"", ""message"": ""11 important data fields are missing or unavailable."", ""value"": 11.0}, {""type"": ""MISSINGNESS"", ""feature"": ""Important_Missing_Rate"", ""message"": ""Important missingness rate is 39.3%."", ""value"": 0.3928571428571428}, {""type"": ""EXTREME_HIGH"", ""feature"": ""Issuer_In_Network_Denial_Rate"", ""message"": ""Issuer In Network Denial Rate = 0.6667, above the dataset 99th percentile (0.5294)."", ""value"": 0.6666666666666666, ""threshold"": 0.5294117647058824}, {""type"": ""EXTREME_HIGH"", ""feature"": ""Issuer_Overall_Denial_Rate"", ""message"": ""Issuer Overall Denial Rate = 0.5455, above the dataset 99th percentile (0.5338)."", ""value"": 0.5454545454545454, ""threshold"": 0.5337690631808278}, {""type"": ""EXTREME_HIGH"", ""feature"": ""Services_Excluded_Denial_Rate"", ""message"": ""Services Excluded Denial Rate = 1.000, above the dataset 99th percentile (0.8640)."", ""value"": 1.0, ""threshold"": 0.8640388588074182}]","11 important data fields are missing or unavailable. Important missingness rate is 39.3%. Issuer In Network Denial Rate = 0.6667, above the dataset 99th percentile (0.5294). Issuer Overall Denial Rate = 0.5455, above the dataset 99th percentile (0.5338). Services Excluded Denial Rate = 1.000, above the dataset 99th percentile (0.8640)."
47731WY0030006,47731,WY,BEST Life and Health Insurance Company,PPO,Low,FFE,Individual,0.0685322754661207,HIGH,4,HIGH,"{""MISSINGNESS"": 2, ""EXTREME_HIGH"": 2}","[""Total_Important_Missing_Count"", ""Important_Missing_Rate"", ""Issuer_In_Network_Denial_Rate"", ""Issuer_Overall_Denial_Rate""]","[{""type"": ""MISSINGNESS"", ""feature"": ""Total_Important_Missing_Count"", ""message"": ""10 important data fields are missing or unavailable."", ""value"": 10.0}, {""type"": ""MISSINGNESS"", ""feature"": ""Important_Missing_Rate"", ""message"": ""Important missingness rate is 35.7%."", ""value"": 0.3571428571428571}, {""type"": ""EXTREME_HIGH"", ""feature"": ""Issuer_In_Network_Denial_Rate"", ""message"": ""Issuer In Network Denial Rate = 0.6667, above the dataset 99th percentile (0.5294)."", ""value"": 0.6666666666666666, ""threshold"": 0.5294117647058824}, {""type"": ""EXTREME_HIGH"", ""feature"": ""Issuer_Overall_Denial_Rate"", ""message"": ""Issuer Overall Denial Rate = 0.5455, above the dataset 99th percentile (0.5338)."", ""value"": 0.5454545454545454, ""threshold"": 0.5337690631808278}]","10 important data fields are missing or unavailable. Important missingness rate is 35.7%. Issuer In Network Denial Rate = 0.6667, above the dataset 99th percentile (0.5294). Issuer Overall Denial Rate = 0.5455, above the dataset 99th percentile (0.5338)."
47731WY0030007,47731,WY,BEST Life and Health Insurance Company,PPO,High,FFE,Individual,0.0504227131941101,HIGH,4,HIGH,"{""MISSINGNESS"": 2, ""EXTREME_HIGH"": 2}","[""Total_Important_Missing_Count"", ""Important_Missing_Rate"", ""Issuer_In_Network_Denial_Rate"", ""Issuer_Overall_Denial_Rate""]","[{""type"": ""MISSINGNESS"", ""feature"": ""Total_Important_Missing_Count"", ""message"": ""10 important data fields are missing or unavailable."", ""value"": 10.0}, {""type"": ""MISSINGNESS"", ""feature"": ""Important_Missing_Rate"", ""message"": ""Important missingness rate is 35.7%."", ""value"": 0.3571428571428571}, {""type"": ""EXTREME_HIGH"", ""feature"": ""Issuer_In_Network_Denial_Rate"", ""message"": ""Issuer In Network Denial Rate = 0.6667, above the dataset 99th percentile (0.5294)."", ""value"": 0.6666666666666666, ""threshold"": 0.5294117647058824}, {""type"": ""EXTREME_HIGH"", ""feature"": ""Issuer_Overall_Denial_Rate"", ""message"": ""Issuer Overall Denial Rate = 0.5455, above the dataset 99th percentile (0.5338)."", ""value"": 0.5454545454545454, ""threshold"": 0.5337690631808278}]","10 important data fields are missing or unavailable. Important missingness rate is 35.7%. Issuer In Network Denial Rate = 0.6667, above the dataset 99th percentile (0.5294). Issuer Overall Denial Rate = 0.5455, above the dataset 99th percentile (0.5338)."
47731WY0030008,47731,WY,BEST Life and Health Insurance Company,PPO,Low,FFE,Individual,0.0673108633029504,HIGH,4,HIGH,"{""MISSINGNESS"": 2, ""EXTREME_HIGH"": 2}","[""Total_Important_Missing_Count"", ""Important_Missing_Rate"", ""Issuer_In_Network_Denial_Rate"", ""Issuer_Overall_Denial_Rate""]","[{""type"": ""MISSINGNESS"", ""feature"": ""Total_Important_Missing_Count"", ""message"": ""12 important data fields are missing or unavailable."", ""value"": 12.0}, {""type"": ""MISSINGNESS"", ""feature"": ""Important_Missing_Rate"", ""message"": ""Important missingness rate is 42.9%."", ""value"": 0.4285714285714285}, {""type"": ""EXTREME_HIGH"", ""feature"": ""Issuer_In_Network_Denial_Rate"", ""message"": ""Issuer In Network Denial Rate = 0.6667, above the dataset 99th percentile (0.5294)."", ""value"": 0.6666666666666666, ""threshold"": 0.5294117647058824}, {""type"": ""EXTREME_HIGH"", ""feature"": ""Issuer_Overall_Denial_Rate"", ""message"": ""Issuer Overall Denial Rate = 0.5455, above the dataset 99th percentile (0.5338)."", ""value"": 0.5454545454545454, ""threshold"": 0.5337690631808278}]","12 important data fields are missing or unavailable. Important missingness rate is 42.9%. Issuer In Network Denial Rate = 0.6667, above the dataset 99th percentile (0.5294). Issuer Overall Denial Rate = 0.5455, above the dataset 99th percentile (0.5338)."
50022NE0020007,50022,NE,BEST Life and Health Insurance Company,PPO,High,SPE,Individual,0.0194789400254064,HIGH,2,MEDIUM,"{""MISSINGNESS"": 2}","[""Total_Important_Missing_Count"", ""Important_Missing_Rate""]","[{""type"": ""MISSINGNESS"", ""feature"": ""Total_Important_Missing_Count"", ""message"": ""9 important data fields are missing or unavailable."", ""value"": 9.0}, {""type"": ""MISSINGNESS"", ""feature"": ""Important_Missing_Rate"", ""message"": ""Important missingness rate is 32.1%."", ""value"": 0.3214285714285714}]",9 important data fields are missing or unavailable. Important missingness rate is 32.1%.
50022NE0020008,50022,NE,BEST Life and Health Insurance Company,PPO,Low,SPE,Individual,0.0049539416624376,HIGH,2,MEDIUM,"{""MISSINGNESS"": 2}","[""Total_Important_Missing_Count"", ""Important_Missing_Rate""]","[{""type"": ""MISSINGNESS"", ""feature"": ""Total_Important_Missing_Count"", ""message"": ""8 important data fields are missing or unavailable."", ""value"": 8.0}, {""type"": ""MISSINGNESS"", ""feature"": ""Important_Missing_Rate"", ""message"": ""Important missingness rate is 28.6%."", ""value"": 0.2857142857142857}]",8 important data fields are missing or unavailable. Important missingness rate is 28.6%.
58609TX0010003,58609,TX,"DentaQuest USA Insurance Company, Inc.",PPO,High,FFE,Individual,0.0248707380724346,HIGH,6,HIGH,"{""MISSINGNESS"": 2, ""EXTREME_HIGH"": 4}","[""Total_Important_Missing_Count"", ""Important_Missing_Rate"", ""Issuer_In_Network_Denial_Rate"", ""Issuer_Overall_Denial_Rate"", ""Plan_In_Network_Denial_Rate"", ""Plan_Overall_Denial_Rate""]","[{""type"": ""MISSINGNESS"", ""feature"": ""Total_Important_Missing_Count"", ""message"": ""7 important data fields are missing or unavailable."", ""value"": 7.0}, {""type"": ""MISSINGNESS"", ""feature"": ""Important_Missing_Rate"", ""message"": ""Important missingness rate is 25.0%."", ""value"": 0.25}, {""type"": ""EXTREME_HIGH"", ""feature"": ""Issuer_In_Network_Denial_Rate"", ""message"": ""Issuer In Network Denial Rate = 0.6400, above the dataset 99th percentile (0.5294)."", ""value"": 0.6400217509516042, ""threshold"": 0.5294117647058824}, {""type"": ""EXTREME_HIGH"", ""feature"": ""Issuer_Overall_Denial_Rate"", ""message"": ""Issuer Overall Denial Rate = 0.6170, above the dataset 99th percentile (0.5338)."", ""value"": 0.6169646253328261, ""threshold"": 0.5337690631808278}, {""type"": ""EXTREME_HIGH"", ""feature"": ""Plan_In_Network_Denial_Rate"", ""message"": ""Plan In Network Denial Rate = 0.6160, above the dataset 99th percentile (0.5450)."", ""value"": 0.6160151324085751, ""threshold"": 0.5449650349650338}, {""type"": ""EXTREME_HIGH"", ""feature"": ""Plan_Overall_Denial_Rate"", ""message"": ""Plan Overall Denial Rate = 0.6104, above the dataset 99th percentile (0.5645)."", ""value"": 0.6103896103896104, ""threshold"": 0.5645416666666657}]","7 important data fields are missing or unavailable. Important missingness rate is 25.0%. Issuer In Network Denial Rate = 0.6400, above the dataset 99th percentile (0.5294). Issuer Overall Denial Rate = 0.6170, above the dataset 99th percentile (0.5338). Plan In Network Denial Rate = 0.6160, above the dataset 99th percentile (0.5450). 1 additional evidence item(s)."
58883MO0010001,58883,MO,"DentaQuest National Insurance Company, Inc.",PPO,High,FFE,Individual,0.0123196705577631,HIGH,2,MEDIUM,"{""MISSINGNESS"": 2}","[""Total_Important_Missing_Count"", ""Important_Missing_Rate""]","[{""type"": ""MISSINGNESS"", ""feature"": ""Total_Important_Missing_Count"", ""message"": ""10 important data fields are missing or unavailable."", ""value"": 10.0}, {""type"": ""MISSINGNESS"", ""feature"": ""Important_Missing_Rate"", ""message"": ""Important missingness rate is 35.7%."", ""value"": 0.3571428571428571}]",10 important data fields are missing or unavailable. Important missingness rate is 35.7%.
59667FL0010001,59667,FL,"DentaQuest of Florida, Inc.",EPO,High,FFE,Individual,0.0109874753229748,HIGH,6,HIGH,"{""MISSINGNESS"": 2, ""EXTREME_HIGH"": 4}","[""Total_Important_Missing_Count"", ""Important_Missing_Rate"", ""Issuer_In_Network_Denial_Rate"", ""Issuer_Overall_Denial_Rate"", ""Plan_In_Network_Denial_Rate"", ""Plan_Overall_Denial_Rate""]","[{""type"": ""MISSINGNESS"", ""feature"": ""Total_Important_Missing_Count"", ""message"": ""8 important data fields are missing or unavailable."", ""value"": 8.0}, {""type"": ""MISSINGNESS"", ""feature"": ""Important_Missing_Rate"", ""message"": ""Important missingness rate is 28.6%."", ""value"": 0.2857142857142857}, {""type"": ""EXTREME_HIGH"", ""feature"": ""Issuer_In_Network_Denial_Rate"", ""message"": ""Issuer In Network Denial Rate = 0.6250, above the dataset 99th percentile (0.5294)."", ""value"": 0.6250280331912985, ""threshold"": 0.5294117647058824}, {""type"": ""EXTREME_HIGH"", ""feature"": ""Issuer_Overall_Denial_Rate"", ""message"": ""Issuer Overall Denial Rate = 0.6321, above the dataset 99th percentile (0.5338)."", ""value"": 0.63207136640557, ""threshold"": 0.5337690631808278}, {""type"": ""EXTREME_HIGH"", ""feature"": ""Plan_In_Network_Denial_Rate"", ""message"": ""Plan In Network Denial Rate = 0.8361, above the dataset 99th percentile (0.5450)."", ""value"": 0.8361204013377926, ""threshold"": 0.5449650349650338}, {""type"": ""EXTREME_HIGH"", ""feature"": ""Plan_Overall_Denial_Rate"", ""message"": ""Plan Overall Denial Rate = 0.8013, above the dataset 99th percentile (0.5645)."", ""value"": 0.8012820512820513, ""threshold"": 0.5645416666666657}]","8 important data fields are missing or unavailable. Important missingness rate is 28.6%. Issuer In Network Denial Rate = 0.6250, above the dataset 99th percentile (0.5294). Issuer Overall Denial Rate = 0.6321, above the dataset 99th percentile (0.5338). Plan In Network Denial Rate = 0.8361, above the dataset 99th percentile (0.5450). 1 additional evidence item(s)."
59667FL0010003,59667,FL,"DentaQuest of Florida, Inc.",EPO,High,FFE,Individual,0.0047892771185645,HIGH,5,HIGH,"{""MISSINGNESS"": 1, ""EXTREME_HIGH"": 4}","[""Total_Important_Missing_Count"", ""Issuer_In_Network_Denial_Rate"", ""Issuer_Overall_Denial_Rate"", ""Plan_In_Network_Denial_Rate"", ""Plan_Overall_Denial_Rate""]","[{""type"": ""MISSINGNESS"", ""feature"": ""Total_Important_Missing_Count"", ""message"": ""5 important data fields are missing or unavailable."", ""value"": 5.0}, {""type"": ""EXTREME_HIGH"", ""feature"": ""Issuer_In_Network_Denial_Rate"", ""message"": ""Issuer In Network Denial Rate = 0.6250, above the dataset 99th percentile (0.5294)."", ""value"": 0.6250280331912985, ""threshold"": 0.5294117647058824}, {""type"": ""EXTREME_HIGH"", ""feature"": ""Issuer_Overall_Denial_Rate"", ""message"": ""Issuer Overall Denial Rate = 0.6321, above the dataset 99th percentile (0.5338)."", ""value"": 0.63207136640557, ""threshold"": 0.5337690631808278}, {""type"": ""EXTREME_HIGH"", ""feature"": ""Plan_In_Network_Denial_Rate"", ""message"": ""Plan In Network Denial Rate = 0.5796, above the dataset 99th percentile (0.5450)."", ""value"": 0.5796213808463252, ""threshold"": 0.5449650349650338}, {""type"": ""EXTREME_HIGH"", ""feature"": ""Plan_Overall_Denial_Rate"", ""message"": ""Plan Overall Denial Rate = 0.5872, above the dataset 99th percentile (0.5645)."", ""value"": 0.5872156013001083, ""threshold"": 0.5645416666666657}]","5 important data fields are missing or unavailable. Issuer In Network Denial Rate = 0.6250, above the dataset 99th percentile (0.5294). Issuer Overall Denial Rate = 0.6321, above the dataset 99th percentile (0.5338). Plan In Network Denial Rate = 0.5796, above the dataset 99th percentile (0.5450). Plan Overall Denial Rate = 0.5872, above the dataset 99th percentile (0.5645)."
59667FL0010004,59667,FL,"DentaQuest of Florida, Inc.",EPO,Low,FFE,Individual,0.0007426468493267,HIGH,6,HIGH,"{""MISSINGNESS"": 1, ""EXTREME_HIGH"": 5}","[""Total_Important_Missing_Count"", ""Issuer_In_Network_Denial_Rate"", ""Issuer_Overall_Denial_Rate"", ""Plan_In_Network_Denial_Rate"", ""Plan_Overall_Denial_Rate"", ""Disenrollment_Rate""]","[{""type"": ""MISSINGNESS"", ""feature"": ""Total_Important_Missing_Count"", ""message"": ""5 important data fields are missing or unavailable."", ""value"": 5.0}, {""type"": ""EXTREME_HIGH"", ""feature"": ""Issuer_In_Network_Denial_Rate"", ""message"": ""Issuer In Network Denial Rate = 0.6250, above the dataset 99th percentile (0.5294)."", ""value"": 0.6250280331912985, ""threshold"": 0.5294117647058824}, {""type"": ""EXTREME_HIGH"", ""feature"": ""Issuer_Overall_Denial_Rate"", ""message"": ""Issuer Overall Denial Rate = 0.6321, above the dataset 99th percentile (0.5338)."", ""value"": 0.63207136640557, ""threshold"": 0.5337690631808278}, {""type"": ""EXTREME_HIGH"", ""feature"": ""Plan_In_Network_Denial_Rate"", ""message"": ""Plan In Network Denial Rate = 0.6328, above the dataset 99th percentile (0.5450)."", ""value"": 0.6328257191201354, ""threshold"": 0.5449650349650338}, {""type"": ""EXTREME_HIGH"", ""feature"": ""Plan_Overall_Denial_Rate"", ""message"": ""Plan Overall Denial Rate = 0.6407, above the dataset 99th percentile (0.5645)."", ""value"": 0.6406890894175554, ""threshold"": 0.5645416666666657}, {""type"": ""EXTREME_HIGH"", ""feature"": ""Disenrollment_Rate"", ""message"": ""Disenrollment Rate = 0.3347, above the dataset 99th percentile (0.3340)."", ""value"": 0.3347107438016529, ""threshold"": 0.33396874999999987}]","5 important data fields are missing or unavailable. Issuer In Network Denial Rate = 0.6250, above the dataset 99th percentile (0.5294). Issuer Overall Denial Rate = 0.6321, above the dataset 99th percentile (0.5338). Plan In Network Denial Rate = 0.6328, above the dataset 99th percentile (0.5450). Plan Overall Denial Rate = 0.6407, above the dataset 99th percentile (0.5645). 1 additional evidence item(s)."
61214SD0020003,61214,SD,BEST Life and Health Insurance Company,PPO,High,SPE,Individual,0.0499474042828375,HIGH,3,HIGH,"{""MISSINGNESS"": 2, ""EXTREME_HIGH"": 1}","[""Total_Important_Missing_Count"", ""Important_Missing_Rate"", ""Plan_In_Network_Denial_Rate""]","[{""type"": ""MISSINGNESS"", ""feature"": ""Total_Important_Missing_Count"", ""message"": ""8 important data fields are missing or unavailable."", ""value"": 8.0}, {""type"": ""MISSINGNESS"", ""feature"": ""Important_Missing_Rate"", ""message"": ""Important missingness rate is 28.6%."", ""value"": 0.2857142857142857}, {""type"": ""EXTREME_HIGH"", ""feature"": ""Plan_In_Network_Denial_Rate"", ""message"": ""Plan In Network Denial Rate = 0.6111, above the dataset 99th percentile (0.5450)."", ""value"": 0.6111111111111112, ""threshold"": 0.5449650349650338}]","8 important data fields are missing or unavailable. Important missingness rate is 28.6%. Plan In Network Denial Rate = 0.6111, above the dataset 99th percentile (0.5450)."
61214SD0020006,61214,SD,BEST Life and Health Insurance Company,PPO,Low,SPE,Individual,0.0345368603554621,HIGH,3,HIGH,"{""MISSINGNESS"": 2, ""EXTREME_HIGH"": 1}","[""Total_Important_Missing_Count"", ""Important_Missing_Rate"", ""Services_Excluded_Denial_Rate""]","[{""type"": ""MISSINGNESS"", ""feature"": ""Total_Important_Missing_Count"", ""message"": ""7 important data fields are missing or unavailable."", ""value"": 7.0}, {""type"": ""MISSINGNESS"", ""feature"": ""Important_Missing_Rate"", ""message"": ""Important missingness rate is 25.0%."", ""value"": 0.25}, {""type"": ""EXTREME_HIGH"", ""feature"": ""Services_Excluded_Denial_Rate"", ""message"": ""Services Excluded Denial Rate = 0.8750, above the dataset 99th percentile (0.8640)."", ""value"": 0.875, ""threshold"": 0.8640388588074182}]","7 important data fields are missing or unavailable. Important missingness rate is 25.0%. Services Excluded Denial Rate = 0.8750, above the dataset 99th percentile (0.8640)."
61214SD0020007,61214,SD,BEST Life and Health Insurance Company,PPO,High,SPE,Individual,0.0793270031465162,HIGH,3,HIGH,"{""MISSINGNESS"": 2, ""EXTREME_HIGH"": 1}","[""Total_Important_Missing_Count"", ""Important_Missing_Rate"", ""Plan_Overall_Denial_Rate""]","[{""type"": ""MISSINGNESS"", ""feature"": ""Total_Important_Missing_Count"", ""message"": ""12 important data fields are missing or unavailable."", ""value"": 12.0}, {""type"": ""MISSINGNESS"", ""feature"": ""Important_Missing_Rate"", ""message"": ""Important missingness rate is 42.9%."", ""value"": 0.4285714285714285}, {""type"": ""EXTREME_HIGH"", ""feature"": ""Plan_Overall_Denial_Rate"", ""message"": ""Plan Overall Denial Rate = 0.6154, above the dataset 99th percentile (0.5645)."", ""value"": 0.6153846153846154, ""threshold"": 0.5645416666666657}]","12 important data fields are missing or unavailable. Important missingness rate is 42.9%. Plan Overall Denial Rate = 0.6154, above the dataset 99th percentile (0.5645)."
61214SD0020008,61214,SD,BEST Life and Health Insurance Company,PPO,Low,SPE,Individual,0.0906121912450769,HIGH,2,MEDIUM,"{""MISSINGNESS"": 2}","[""Total_Important_Missing_Count"", ""Important_Missing_Rate""]","[{""type"": ""MISSINGNESS"", ""feature"": ""Total_Important_Missing_Count"", ""message"": ""11 important data fields are missing or unavailable."", ""value"": 11.0}, {""type"": ""MISSINGNESS"", ""feature"": ""Important_Missing_Rate"", ""message"": ""Important missingness rate is 39.3%."", ""value"": 0.3928571428571428}]",11 important data fields are missing or unavailable. Important missingness rate is 39.3%.
63790KS0020003,63790,KS,BEST Life and Health Insurance Company,PPO,High,SPE,Individual,0.0108056245928079,HIGH,2,MEDIUM,"{""MISSINGNESS"": 2}","[""Total_Important_Missing_Count"", ""Important_Missing_Rate""]","[{""type"": ""MISSINGNESS"", ""feature"": ""Total_Important_Missing_Count"", ""message"": ""9 important data fields are missing or unavailable."", ""value"": 9.0}, {""type"": ""MISSINGNESS"", ""feature"": ""Important_Missing_Rate"", ""message"": ""Important missingness rate is 32.1%."", ""value"": 0.3214285714285714}]",9 important data fields are missing or unavailable. Important missingness rate is 32.1%.
63790KS0020006,63790,KS,BEST Life and Health Insurance Company,PPO,Low,SPE,Individual,0.0150517223733089,HIGH,2,MEDIUM,"{""MISSINGNESS"": 2}","[""Total_Important_Missing_Count"", ""Important_Missing_Rate""]","[{""type"": ""MISSINGNESS"", ""feature"": ""Total_Important_Missing_Count"", ""message"": ""9 important data fields are missing or unavailable."", ""value"": 9.0}, {""type"": ""MISSINGNESS"", ""feature"": ""Important_Missing_Rate"", ""message"": ""Important missingness rate is 32.1%."", ""value"": 0.3214285714285714}]",9 important data fields are missing or unavailable. Important missingness rate is 32.1%.
63790KS0020008,63790,KS,BEST Life and Health Insurance Company,PPO,Low,SPE,Individual,0.0206295228783159,HIGH,2,MEDIUM,"{""MISSINGNESS"": 2}","[""Total_Important_Missing_Count"", ""Important_Missing_Rate""]","[{""type"": ""MISSINGNESS"", ""feature"": ""Total_Important_Missing_Count"", ""message"": ""8 important data fields are missing or unavailable."", ""value"": 8.0}, {""type"": ""MISSINGNESS"", ""feature"": ""Important_Missing_Rate"", ""message"": ""Important missingness rate is 28.6%."", ""value"": 0.2857142857142857}]",8 important data fields are missing or unavailable. Important missingness rate is 28.6%.
65736WI0020001,65736,WI,"Dominion Dental Services, Inc.",PPO,Low,FFE,Individual,0.0347106988052506,HIGH,2,MEDIUM,"{""MISSINGNESS"": 2}","[""Total_Important_Missing_Count"", ""Important_Missing_Rate""]","[{""type"": ""MISSINGNESS"", ""feature"": ""Total_Important_Missing_Count"", ""message"": ""10 important data fields are missing or unavailable."", ""value"": 10.0}, {""type"": ""MISSINGNESS"", ""feature"": ""Important_Missing_Rate"", ""message"": ""Important missingness rate is 35.7%."", ""value"": 0.3571428571428571}]",10 important data fields are missing or unavailable. Important missingness rate is 35.7%.
65736WI0020002,65736,WI,"Dominion Dental Services, Inc.",PPO,High,FFE,Individual,0.0533119522735372,HIGH,2,MEDIUM,"{""MISSINGNESS"": 2}","[""Total_Important_Missing_Count"", ""Important_Missing_Rate""]","[{""type"": ""MISSINGNESS"", ""feature"": ""Total_Important_Missing_Count"", ""message"": ""11 important data fields are missing or unavailable."", ""value"": 11.0}, {""type"": ""MISSINGNESS"", ""feature"": ""Important_Missing_Rate"", ""message"": ""Important missingness rate is 39.3%."", ""value"": 0.3928571428571428}]",11 important data fields are missing or unavailable. Important missingness rate is 39.3%.
65736WI0020003,65736,WI,"Dominion Dental Services, Inc.",PPO,Low,FFE,Individual,0.0190759183791675,HIGH,2,MEDIUM,"{""MISSINGNESS"": 2}","[""Total_Important_Missing_Count"", ""Important_Missing_Rate""]","[{""type"": ""MISSINGNESS"", ""feature"": ""Total_Important_Missing_Count"", ""message"": ""9 important data fields are missing or unavailable."", ""value"": 9.0}, {""type"": ""MISSINGNESS"", ""feature"": ""Important_Missing_Rate"", ""message"": ""Important missingness rate is 32.1%."", ""value"": 0.3214285714285714}]",9 important data fields are missing or unavailable. Important missingness rate is 32.1%.
65736WI0020004,65736,WI,"Dominion Dental Services, Inc.",PPO,Low,FFE,Individual,0.0307518249901267,HIGH,3,HIGH,"{""MISSINGNESS"": 2, ""EXTREME_HIGH"": 1}","[""Total_Important_Missing_Count"", ""Important_Missing_Rate"", ""Services_Excluded_Denial_Rate""]","[{""type"": ""MISSINGNESS"", ""feature"": ""Total_Important_Missing_Count"", ""message"": ""8 important data fields are missing or unavailable."", ""value"": 8.0}, {""type"": ""MISSINGNESS"", ""feature"": ""Important_Missing_Rate"", ""message"": ""Important missingness rate is 28.6%."", ""value"": 0.2857142857142857}, {""type"": ""EXTREME_HIGH"", ""feature"": ""Services_Excluded_Denial_Rate"", ""message"": ""Services Excluded Denial Rate = 0.8916, above the dataset 99th percentile (0.8640)."", ""value"": 0.8916256157635468, ""threshold"": 0.8640388588074182}]","8 important data fields are missing or unavailable. Important missingness rate is 28.6%. Services Excluded Denial Rate = 0.8916, above the dataset 99th percentile (0.8640)."
65736WI0020005,65736,WI,"Dominion Dental Services, Inc.",PPO,Low,FFE,Individual,0.0500766328736379,HIGH,3,MEDIUM,"{""MISSINGNESS"": 2, ""EXTREME_LOW"": 1}","[""Total_Important_Missing_Count"", ""Important_Missing_Rate"", ""Plan_Out_of_Network_Denial_Rate""]","[{""type"": ""MISSINGNESS"", ""feature"": ""Total_Important_Missing_Count"", ""message"": ""8 important data fields are missing or unavailable."", ""value"": 8.0}, {""type"": ""MISSINGNESS"", ""feature"": ""Important_Missing_Rate"", ""message"": ""Important missingness rate is 28.6%."", ""value"": 0.2857142857142857}, {""type"": ""EXTREME_LOW"", ""feature"": ""Plan_Out_of_Network_Denial_Rate"", ""message"": ""Plan Out of Network Denial Rate = 0.0000, below the dataset 1st percentile (0.0396)."", ""value"": 0.0, ""threshold"": 0.03959672938001112}]","8 important data fields are missing or unavailable. Important missingness rate is 28.6%. Plan Out of Network Denial Rate = 0.0000, below the dataset 1st percentile (0.0396)."
65736WI0020006,65736,WI,"Dominion Dental Services, Inc.",PPO,High,FFE,Individual,0.0297867922871386,HIGH,3,MEDIUM,"{""MISSINGNESS"": 2, ""EXTREME_LOW"": 1}","[""Total_Important_Missing_Count"", ""Important_Missing_Rate"", ""Plan_In_Network_Denial_Rate""]","[{""type"": ""MISSINGNESS"", ""feature"": ""Total_Important_Missing_Count"", ""message"": ""7 important data fields are missing or unavailable."", ""value"": 7.0}, {""type"": ""MISSINGNESS"", ""feature"": ""Important_Missing_Rate"", ""message"": ""Important missingness rate is 25.0%."", ""value"": 0.25}, {""type"": ""EXTREME_LOW"", ""feature"": ""Plan_In_Network_Denial_Rate"", ""message"": ""Plan In Network Denial Rate = 0.0000, below the dataset 1st percentile (0.0268)."", ""value"": 0.0, ""threshold"": 0.02682627845178696}]","7 important data fields are missing or unavailable. Important missingness rate is 25.0%. Plan In Network Denial Rate = 0.0000, below the dataset 1st percentile (0.0268)."
67775DE0020003,67775,DE,"Dominion Dental Services, Inc.",PPO,High,SPE,Individual,0.0325891600514079,HIGH,2,MEDIUM,"{""MISSINGNESS"": 2}","[""Total_Important_Missing_Count"", ""Important_Missing_Rate""]","[{""type"": ""MISSINGNESS"", ""feature"": ""Total_Important_Missing_Count"", ""message"": ""10 important data fields are missing or unavailable."", ""value"": 10.0}, {""type"": ""MISSINGNESS"", ""feature"": ""Important_Missing_Rate"", ""message"": ""Important missingness rate is 35.7%."", ""value"": 0.3571428571428571}]",10 important data fields are missing or unavailable. Important missingness rate is 35.7%.
67775DE0020005,67775,DE,"Dominion Dental Services, Inc.",PPO,Low,SPE,Individual,0.032629594458819,HIGH,2,MEDIUM,"{""MISSINGNESS"": 2}","[""Total_Important_Missing_Count"", ""Important_Missing_Rate""]","[{""type"": ""MISSINGNESS"", ""feature"": ""Total_Important_Missing_Count"", ""message"": ""10 important data fields are missing or unavailable."", ""value"": 10.0}, {""type"": ""MISSINGNESS"", ""feature"": ""Important_Missing_Rate"", ""message"": ""Important missingness rate is 35.7%."", ""value"": 0.3571428571428571}]",10 important data fields are missing or unavailable. Important missingness rate is 35.7%.
71051IA0020003,71051,IA,BEST Life and Health Insurance Company,PPO,High,SPE,Individual,0.0356277693370974,HIGH,2,MEDIUM,"{""MISSINGNESS"": 2}","[""Total_Important_Missing_Count"", ""Important_Missing_Rate""]","[{""type"": ""MISSINGNESS"", ""feature"": ""Total_Important_Missing_Count"", ""message"": ""9 important data fields are missing or unavailable."", ""value"": 9.0}, {""type"": ""MISSINGNESS"", ""feature"": ""Important_Missing_Rate"", ""message"": ""Important missingness rate is 32.1%."", ""value"": 0.3214285714285714}]",9 important data fields are missing or unavailable. Important missingness rate is 32.1%.
71051IA0020006,71051,IA,BEST Life and Health Insurance Company,PPO,High,SPE,Individual,0.0576124886711564,HIGH,2,MEDIUM,"{""MISSINGNESS"": 2}","[""Total_Important_Missing_Count"", ""Important_Missing_Rate""]","[{""type"": ""MISSINGNESS"", ""feature"": ""Total_Important_Missing_Count"", ""message"": ""8 important data fields are missing or unavailable."", ""value"": 8.0}, {""type"": ""MISSINGNESS"", ""feature"": ""Important_Missing_Rate"", ""message"": ""Important missingness rate is 28.6%."", ""value"": 0.2857142857142857}]",8 important data fields are missing or unavailable. Important missingness rate is 28.6%.
71051IA0020007,71051,IA,BEST Life and Health Insurance Company,PPO,High,SPE,Individual,0.0734452754708131,HIGH,2,MEDIUM,"{""MISSINGNESS"": 2}","[""Total_Important_Missing_Count"", ""Important_Missing_Rate""]","[{""type"": ""MISSINGNESS"", ""feature"": ""Total_Important_Missing_Count"", ""message"": ""10 important data fields are missing or unavailable."", ""value"": 10.0}, {""type"": ""MISSINGNESS"", ""feature"": ""Important_Missing_Rate"", ""message"": ""Important missingness rate is 35.7%."", ""value"": 0.3571428571428571}]",10 important data fields are missing or unavailable. Important missingness rate is 35.7%.
71051IA0020008,71051,IA,BEST Life and Health Insurance Company,PPO,High,SPE,Individual,0.0649728169849833,HIGH,2,MEDIUM,"{""MISSINGNESS"": 2}","[""Total_Important_Missing_Count"", ""Important_Missing_Rate""]","[{""type"": ""MISSINGNESS"", ""feature"": ""Total_Important_Missing_Count"", ""message"": ""9 important data fields are missing or unavailable."", ""value"": 9.0}, {""type"": ""MISSINGNESS"", ""feature"": ""Important_Missing_Rate"", ""message"": ""Important missingness rate is 32.1%."", ""value"": 0.3214285714285714}]",9 important data fields are missing or unavailable. Important missingness rate is 32.1%.
74819AK0020007,74819,AK,BEST Life and Health Insurance Company,Indemnity,High,FFE,Individual,0.0547757179396205,HIGH,2,MEDIUM,"{""MISSINGNESS"": 2}","[""Total_Important_Missing_Count"", ""Important_Missing_Rate""]","[{""type"": ""MISSINGNESS"", ""feature"": ""Total_Important_Missing_Count"", ""message"": ""12 important data fields are missing or unavailable."", ""value"": 12.0}, {""type"": ""MISSINGNESS"", ""feature"": ""Important_Missing_Rate"", ""message"": ""Important missingness rate is 42.9%."", ""value"": 0.4285714285714285}]",12 important data fields are missing or unavailable. Important missingness rate is 42.9%.
74819AK0020010,74819,AK,BEST Life and Health Insurance Company,Indemnity,Low,FFE,Individual,0.0645607422772218,HIGH,2,MEDIUM,"{""MISSINGNESS"": 2}","[""Total_Important_Missing_Count"", ""Important_Missing_Rate""]","[{""type"": ""MISSINGNESS"", ""feature"": ""Total_Important_Missing_Count"", ""message"": ""11 important data fields are missing or unavailable."", ""value"": 11.0}, {""type"": ""MISSINGNESS"", ""feature"": ""Important_Missing_Rate"", ""message"": ""Important missingness rate is 39.3%."", ""value"": 0.3928571428571428}]",11 important data fields are missing or unavailable. Important missingness rate is 39.3%.
74819AK0020011,74819,AK,BEST Life and Health Insurance Company,Indemnity,High,FFE,Individual,0.0439085947161101,HIGH,2,MEDIUM,"{""MISSINGNESS"": 2}","[""Total_Important_Missing_Count"", ""Important_Missing_Rate""]","[{""type"": ""MISSINGNESS"", ""feature"": ""Total_Important_Missing_Count"", ""message"": ""13 important data fields are missing or unavailable."", ""value"": 13.0}, {""type"": ""MISSINGNESS"", ""feature"": ""Important_Missing_Rate"", ""message"": ""Important missingness rate is 46.4%."", ""value"": 0.4642857142857143}]",13 important data fields are missing or unavailable. Important missingness rate is 46.4%.
74819AK0020012,74819,AK,BEST Life and Health Insurance Company,Indemnity,Low,FFE,Individual,0.0786426659277204,HIGH,2,MEDIUM,"{""MISSINGNESS"": 2}","[""Total_Important_Missing_Count"", ""Important_Missing_Rate""]","[{""type"": ""MISSINGNESS"", ""feature"": ""Total_Important_Missing_Count"", ""message"": ""9 important data fields are missing or unavailable."", ""value"": 9.0}, {""type"": ""MISSINGNESS"", ""feature"": ""Important_Missing_Rate"", ""message"": ""Important missingness rate is 32.1%."", ""value"": 0.3214285714285714}]",9 important data fields are missing or unavailable. Important missingness rate is 32.1%.
75329ND0020003,75329,ND,BEST Life and Health Insurance Company,PPO,High,FFE,Individual,0.0684368959090738,HIGH,2,MEDIUM,"{""MISSINGNESS"": 2}","[""Total_Important_Missing_Count"", ""Important_Missing_Rate""]","[{""type"": ""MISSINGNESS"", ""feature"": ""Total_Important_Missing_Count"", ""message"": ""10 important data fields are missing or unavailable."", ""value"": 10.0}, {""type"": ""MISSINGNESS"", ""feature"": ""Important_Missing_Rate"", ""message"": ""Important missingness rate is 35.7%."", ""value"": 0.3571428571428571}]",10 important data fields are missing or unavailable. Important missingness rate is 35.7%.
75329ND0020006,75329,ND,BEST Life and Health Insurance Company,PPO,Low,FFE,Individual,0.0813634917669876,HIGH,2,MEDIUM,"{""MISSINGNESS"": 2}","[""Total_Important_Missing_Count"", ""Important_Missing_Rate""]","[{""type"": ""MISSINGNESS"", ""feature"": ""Total_Important_Missing_Count"", ""message"": ""11 important data fields are missing or unavailable."", ""value"": 11.0}, {""type"": ""MISSINGNESS"", ""feature"": ""Important_Missing_Rate"", ""message"": ""Important missingness rate is 39.3%."", ""value"": 0.3928571428571428}]",11 important data fields are missing or unavailable. Important missingness rate is 39.3%.
75329ND0020007,75329,ND,BEST Life and Health Insurance Company,PPO,High,FFE,Individual,0.0734552434178409,HIGH,2,MEDIUM,"{""MISSINGNESS"": 2}","[""Total_Important_Missing_Count"", ""Important_Missing_Rate""]","[{""type"": ""MISSINGNESS"", ""feature"": ""Total_Important_Missing_Count"", ""message"": ""10 important data fields are missing or unavailable."", ""value"": 10.0}, {""type"": ""MISSINGNESS"", ""feature"": ""Important_Missing_Rate"", ""message"": ""Important missingness rate is 35.7%."", ""value"": 0.3571428571428571}]",10 important data fields are missing or unavailable. Important missingness rate is 35.7%.
75329ND0020008,75329,ND,BEST Life and Health Insurance Company,PPO,Low,FFE,Individual,0.0766439080650703,HIGH,2,MEDIUM,"{""MISSINGNESS"": 2}","[""Total_Important_Missing_Count"", ""Important_Missing_Rate""]","[{""type"": ""MISSINGNESS"", ""feature"": ""Total_Important_Missing_Count"", ""message"": ""10 important data fields are missing or unavailable."", ""value"": 10.0}, {""type"": ""MISSINGNESS"", ""feature"": ""Important_Missing_Rate"", ""message"": ""Important missingness rate is 35.7%."", ""value"": 0.3571428571428571}]",10 important data fields are missing or unavailable. Important missingness rate is 35.7%.
77352AZ0020003,77352,AZ,BEST Life and Health Insurance Company,PPO,High,FFE,Individual,0.0491928425702721,HIGH,2,MEDIUM,"{""MISSINGNESS"": 2}","[""Total_Important_Missing_Count"", ""Important_Missing_Rate""]","[{""type"": ""MISSINGNESS"", ""feature"": ""Total_Important_Missing_Count"", ""message"": ""13 important data fields are missing or unavailable."", ""value"": 13.0}, {""type"": ""MISSINGNESS"", ""feature"": ""Important_Missing_Rate"", ""message"": ""Important missingness rate is 46.4%."", ""value"": 0.4642857142857143}]",13 important data fields are missing or unavailable. Important missingness rate is 46.4%.
77352AZ0020006,77352,AZ,BEST Life and Health Insurance Company,PPO,Low,FFE,Individual,0.0555628631762119,HIGH,2,MEDIUM,"{""MISSINGNESS"": 2}","[""Total_Important_Missing_Count"", ""Important_Missing_Rate""]","[{""type"": ""MISSINGNESS"", ""feature"": ""Total_Important_Missing_Count"", ""message"": ""12 important data fields are missing or unavailable."", ""value"": 12.0}, {""type"": ""MISSINGNESS"", ""feature"": ""Important_Missing_Rate"", ""message"": ""Important missingness rate is 42.9%."", ""value"": 0.4285714285714285}]",12 important data fields are missing or unavailable. Important missingness rate is 42.9%.
77352AZ0020007,77352,AZ,BEST Life and Health Insurance Company,PPO,High,FFE,Individual,0.0445168944611724,HIGH,2,MEDIUM,"{""MISSINGNESS"": 2}","[""Total_Important_Missing_Count"", ""Important_Missing_Rate""]","[{""type"": ""MISSINGNESS"", ""feature"": ""Total_Important_Missing_Count"", ""message"": ""12 important data fields are missing or unavailable."", ""value"": 12.0}, {""type"": ""MISSINGNESS"", ""feature"": ""Important_Missing_Rate"", ""message"": ""Important missingness rate is 42.9%."", ""value"": 0.4285714285714285}]",12 important data fields are missing or unavailable. Important missingness rate is 42.9%.
77352AZ0020008,77352,AZ,BEST Life and Health Insurance Company,PPO,Low,FFE,Individual,0.0293780783242542,HIGH,1,MEDIUM,"{""MISSINGNESS"": 1}","[""Total_Important_Missing_Count""]","[{""type"": ""MISSINGNESS"", ""feature"": ""Total_Important_Missing_Count"", ""message"": ""6 important data fields are missing or unavailable."", ""value"": 6.0}]",6 important data fields are missing or unavailable.
78461LA0020003,78461,LA,BEST Life and Health Insurance Company,PPO,High,FFE,Individual,0.1060484832480727,HIGH,2,MEDIUM,"{""MISSINGNESS"": 2}","[""Total_Important_Missing_Count"", ""Important_Missing_Rate""]","[{""type"": ""MISSINGNESS"", ""feature"": ""Total_Important_Missing_Count"", ""message"": ""13 important data fields are missing or unavailable."", ""value"": 13.0}, {""type"": ""MISSINGNESS"", ""feature"": ""Important_Missing_Rate"", ""message"": ""Important missingness rate is 46.4%."", ""value"": 0.4642857142857143}]",13 important data fields are missing or unavailable. Important missingness rate is 46.4%.
78461LA0020006,78461,LA,BEST Life and Health Insurance Company,PPO,Low,FFE,Individual,0.1106056161053301,HIGH,2,MEDIUM,"{""MISSINGNESS"": 2}","[""Total_Important_Missing_Count"", ""Important_Missing_Rate""]","[{""type"": ""MISSINGNESS"", ""feature"": ""Total_Important_Missing_Count"", ""message"": ""12 important data fields are missing or unavailable."", ""value"": 12.0}, {""type"": ""MISSINGNESS"", ""feature"": ""Important_Missing_Rate"", ""message"": ""Important missingness rate is 42.9%."", ""value"": 0.4285714285714285}]",12 important data fields are missing or unavailable. Important missingness rate is 42.9%.
78461LA0020007,78461,LA,BEST Life and Health Insurance Company,PPO,High,FFE,Individual,0.0991750826304438,HIGH,2,MEDIUM,"{""MISSINGNESS"": 2}","[""Total_Important_Missing_Count"", ""Important_Missing_Rate""]","[{""type"": ""MISSINGNESS"", ""feature"": ""Total_Important_Missing_Count"", ""message"": ""14 important data fields are missing or unavailable."", ""value"": 14.0}, {""type"": ""MISSINGNESS"", ""feature"": ""Important_Missing_Rate"", ""message"": ""Important missingness rate is 50.0%."", ""value"": 0.5}]",14 important data fields are missing or unavailable. Important missingness rate is 50.0%.
78461LA0020008,78461,LA,BEST Life and Health Insurance Company,PPO,Low,FFE,Individual,0.0991750826304438,HIGH,2,MEDIUM,"{""MISSINGNESS"": 2}","[""Total_Important_Missing_Count"", ""Important_Missing_Rate""]","[{""type"": ""MISSINGNESS"", ""feature"": ""Total_Important_Missing_Count"", ""message"": ""14 important data fields are missing or unavailable."", ""value"": 14.0}, {""type"": ""MISSINGNESS"", ""feature"": ""Important_Missing_Rate"", ""message"": ""Important missingness rate is 50.0%."", ""value"": 0.5}]",14 important data fields are missing or unavailable. Important missingness rate is 50.0%.
83557IN0020003,83557,IN,BEST Life and Health Insurance Company,PPO,High,FFE,Individual,0.0991750826304438,HIGH,2,MEDIUM,"{""MISSINGNESS"": 2}","[""Total_Important_Missing_Count"", ""Important_Missing_Rate""]","[{""type"": ""MISSINGNESS"", ""feature"": ""Total_Important_Missing_Count"", ""message"": ""14 important data fields are missing or unavailable."", ""value"": 14.0}, {""type"": ""MISSINGNESS"", ""feature"": ""Important_Missing_Rate"", ""message"": ""Important missingness rate is 50.0%."", ""value"": 0.5}]",14 important data fields are missing or unavailable. Important missingness rate is 50.0%.
83557IN0020006,83557,IN,BEST Life and Health Insurance Company,PPO,Low,FFE,Individual,0.0977691682707059,HIGH,2,MEDIUM,"{""MISSINGNESS"": 2}","[""Total_Important_Missing_Count"", ""Important_Missing_Rate""]","[{""type"": ""MISSINGNESS"", ""feature"": ""Total_Important_Missing_Count"", ""message"": ""13 important data fields are missing or unavailable."", ""value"": 13.0}, {""type"": ""MISSINGNESS"", ""feature"": ""Important_Missing_Rate"", ""message"": ""Important missingness rate is 46.4%."", ""value"": 0.4642857142857143}]",13 important data fields are missing or unavailable. Important missingness rate is 46.4%.
83557IN0020007,83557,IN,BEST Life and Health Insurance Company,PPO,High,FFE,Individual,0.0977691682707059,HIGH,2,MEDIUM,"{""MISSINGNESS"": 2}","[""Total_Important_Missing_Count"", ""Important_Missing_Rate""]","[{""type"": ""MISSINGNESS"", ""feature"": ""Total_Important_Missing_Count"", ""message"": ""13 important data fields are missing or unavailable."", ""value"": 13.0}, {""type"": ""MISSINGNESS"", ""feature"": ""Important_Missing_Rate"", ""message"": ""Important missingness rate is 46.4%."", ""value"": 0.4642857142857143}]",13 important data fields are missing or unavailable. Important missingness rate is 46.4%.
83557IN0020008,83557,IN,BEST Life and Health Insurance Company,PPO,Low,FFE,Individual,0.0991750826304438,HIGH,2,MEDIUM,"{""MISSINGNESS"": 2}","[""Total_Important_Missing_Count"", ""Important_Missing_Rate""]","[{""type"": ""MISSINGNESS"", ""feature"": ""Total_Important_Missing_Count"", ""message"": ""14 important data fields are missing or unavailable."", ""value"": 14.0}, {""type"": ""MISSINGNESS"", ""feature"": ""Important_Missing_Rate"", ""message"": ""Important missingness rate is 50.0%."", ""value"": 0.5}]",14 important data fields are missing or unavailable. Important missingness rate is 50.0%.
87701NH0090001,87701,NH,"Delta Dental Plan of New Hampshire, Inc.",PPO,High,SPE,Individual,0.0182244037684347,HIGH,3,MEDIUM,"{""MISSINGNESS"": 2, ""EXTREME_LOW"": 1}","[""Total_Important_Missing_Count"", ""Important_Missing_Rate"", ""Plan_Out_of_Network_Denial_Rate""]","[{""type"": ""MISSINGNESS"", ""feature"": ""Total_Important_Missing_Count"", ""message"": ""8 important data fields are missing or unavailable."", ""value"": 8.0}, {""type"": ""MISSINGNESS"", ""feature"": ""Important_Missing_Rate"", ""message"": ""Important missingness rate is 28.6%."", ""value"": 0.2857142857142857}, {""type"": ""EXTREME_LOW"", ""feature"": ""Plan_Out_of_Network_Denial_Rate"", ""message"": ""Plan Out of Network Denial Rate = 0.0000, below the dataset 1st percentile (0.0396)."", ""value"": 0.0, ""threshold"": 0.03959672938001112}]","8 important data fields are missing or unavailable. Important missingness rate is 28.6%. Plan Out of Network Denial Rate = 0.0000, below the dataset 1st percentile (0.0396)."
87701NH0100001,87701,NH,"Delta Dental Plan of New Hampshire, Inc.",PPO,Low,SPE,Individual,0.0354680030709895,HIGH,3,HIGH,"{""MISSINGNESS"": 2, ""EXTREME_HIGH"": 1}","[""Total_Important_Missing_Count"", ""Important_Missing_Rate"", ""Member_Not_Covered_Denial_Rate""]","[{""type"": ""MISSINGNESS"", ""feature"": ""Total_Important_Missing_Count"", ""message"": ""9 important data fields are missing or unavailable."", ""value"": 9.0}, {""type"": ""MISSINGNESS"", ""feature"": ""Important_Missing_Rate"", ""message"": ""Important missingness rate is 32.1%."", ""value"": 0.3214285714285714}, {""type"": ""EXTREME_HIGH"", ""feature"": ""Member_Not_Covered_Denial_Rate"", ""message"": ""Member Not Covered Denial Rate = 0.7162, above the dataset 99th percentile (0.4180)."", ""value"": 0.7162162162162162, ""threshold"": 0.4180429386897637}]","9 important data fields are missing or unavailable. Important missingness rate is 32.1%. Member Not Covered Denial Rate = 0.7162, above the dataset 99th percentile (0.4180)."
89281SC0020008,89281,SC,BEST Life and Health Insurance Company,PPO,Low,FFE,Individual,0.0077646170835967,HIGH,2,MEDIUM,"{""MISSINGNESS"": 2}","[""Total_Important_Missing_Count"", ""Important_Missing_Rate""]","[{""type"": ""MISSINGNESS"", ""feature"": ""Total_Important_Missing_Count"", ""message"": ""8 important data fields are missing or unavailable."", ""value"": 8.0}, {""type"": ""MISSINGNESS"", ""feature"": ""Important_Missing_Rate"", ""message"": ""Important missingness rate is 28.6%."", ""value"": 0.2857142857142857}]",8 important data fields are missing or unavailable. Important missingness rate is 28.6%.
89819OH0020001,89819,OH,TRUASSURE INSURANCE COMPANY,PPO,High,SPE,Individual,0.0027919109607538,HIGH,2,HIGH,"{""MISSINGNESS"": 1, ""DATA_QUALITY_FLAG"": 1}","[""Total_Important_Missing_Count"", ""Other_Denial_Rate_Invalid_Flag""]","[{""type"": ""MISSINGNESS"", ""feature"": ""Total_Important_Missing_Count"", ""message"": ""6 important data fields are missing or unavailable."", ""value"": 6.0}, {""type"": ""DATA_QUALITY_FLAG"", ""feature"": ""Other_Denial_Rate_Invalid_Flag"", ""message"": ""Other Denial Rate contains an invalid raw value."", ""value"": 1}]",6 important data fields are missing or unavailable. Other Denial Rate contains an invalid raw value.
93895MT0020003,93895,MT,BEST Life and Health Insurance Company,Indemnity,High,SPE,Individual,0.0350340335120176,HIGH,3,HIGH,"{""MISSINGNESS"": 2, ""EXTREME_HIGH"": 1}","[""Total_Important_Missing_Count"", ""Important_Missing_Rate"", ""Plan_Overall_Denial_Rate""]","[{""type"": ""MISSINGNESS"", ""feature"": ""Total_Important_Missing_Count"", ""message"": ""9 important data fields are missing or unavailable."", ""value"": 9.0}, {""type"": ""MISSINGNESS"", ""feature"": ""Important_Missing_Rate"", ""message"": ""Important missingness rate is 32.1%."", ""value"": 0.3214285714285714}, {""type"": ""EXTREME_HIGH"", ""feature"": ""Plan_Overall_Denial_Rate"", ""message"": ""Plan Overall Denial Rate = 0.6087, above the dataset 99th percentile (0.5645)."", ""value"": 0.6086956521739131, ""threshold"": 0.5645416666666657}]","9 important data fields are missing or unavailable. Important missingness rate is 32.1%. Plan Overall Denial Rate = 0.6087, above the dataset 99th percentile (0.5645)."
93895MT0020006,93895,MT,BEST Life and Health Insurance Company,Indemnity,Low,SPE,Individual,0.0443768013824901,HIGH,2,MEDIUM,"{""MISSINGNESS"": 2}","[""Total_Important_Missing_Count"", ""Important_Missing_Rate""]","[{""type"": ""MISSINGNESS"", ""feature"": ""Total_Important_Missing_Count"", ""message"": ""11 important data fields are missing or unavailable."", ""value"": 11.0}, {""type"": ""MISSINGNESS"", ""feature"": ""Important_Missing_Rate"", ""message"": ""Important missingness rate is 39.3%."", ""value"": 0.3928571428571428}]",11 important data fields are missing or unavailable. Important missingness rate is 39.3%.
93895MT0020007,93895,MT,BEST Life and Health Insurance Company,Indemnity,High,SPE,Individual,0.0472531977449175,HIGH,3,HIGH,"{""MISSINGNESS"": 2, ""EXTREME_HIGH"": 1}","[""Total_Important_Missing_Count"", ""Important_Missing_Rate"", ""Plan_Overall_Denial_Rate""]","[{""type"": ""MISSINGNESS"", ""feature"": ""Total_Important_Missing_Count"", ""message"": ""11 important data fields are missing or unavailable."", ""value"": 11.0}, {""type"": ""MISSINGNESS"", ""feature"": ""Important_Missing_Rate"", ""message"": ""Important missingness rate is 39.3%."", ""value"": 0.3928571428571428}, {""type"": ""EXTREME_HIGH"", ""feature"": ""Plan_Overall_Denial_Rate"", ""message"": ""Plan Overall Denial Rate = 0.6250, above the dataset 99th percentile (0.5645)."", ""value"": 0.625, ""threshold"": 0.5645416666666657}]","11 important data fields are missing or unavailable. Important missingness rate is 39.3%. Plan Overall Denial Rate = 0.6250, above the dataset 99th percentile (0.5645)."
93895MT0020008,93895,MT,BEST Life and Health Insurance Company,Indemnity,Low,SPE,Individual,0.0299089089972016,HIGH,2,MEDIUM,"{""MISSINGNESS"": 2}","[""Total_Important_Missing_Count"", ""Important_Missing_Rate""]","[{""type"": ""MISSINGNESS"", ""feature"": ""Total_Important_Missing_Count"", ""message"": ""8 important data fields are missing or unavailable."", ""value"": 8.0}, {""type"": ""MISSINGNESS"", ""feature"": ""Important_Missing_Rate"", ""message"": ""Important missingness rate is 28.6%."", ""value"": 0.2857142857142857}]",8 important data fields are missing or unavailable. Important missingness rate is 28.6%.
94482NC0020003,94482,NC,BEST Life and Health Insurance Company,PPO,High,FFE,Individual,0.0346910252701614,HIGH,2,MEDIUM,"{""MISSINGNESS"": 2}","[""Total_Important_Missing_Count"", ""Important_Missing_Rate""]","[{""type"": ""MISSINGNESS"", ""feature"": ""Total_Important_Missing_Count"", ""message"": ""7 important data fields are missing or unavailable."", ""value"": 7.0}, {""type"": ""MISSINGNESS"", ""feature"": ""Important_Missing_Rate"", ""message"": ""Important missingness rate is 25.0%."", ""value"": 0.25}]",7 important data fields are missing or unavailable. Important missingness rate is 25.0%.
94482NC0020006,94482,NC,BEST Life and Health Insurance Company,PPO,Low,FFE,Individual,0.041618753807698,HIGH,2,MEDIUM,"{""MISSINGNESS"": 2}","[""Total_Important_Missing_Count"", ""Important_Missing_Rate""]","[{""type"": ""MISSINGNESS"", ""feature"": ""Total_Important_Missing_Count"", ""message"": ""7 important data fields are missing or unavailable."", ""value"": 7.0}, {""type"": ""MISSINGNESS"", ""feature"": ""Important_Missing_Rate"", ""message"": ""Important missingness rate is 25.0%."", ""value"": 0.25}]",7 important data fields are missing or unavailable. Important missingness rate is 25.0%.
94482NC0020007,94482,NC,BEST Life and Health Insurance Company,PPO,High,FFE,Individual,0.0500116695803181,HIGH,3,HIGH,"{""MISSINGNESS"": 2, ""EXTREME_HIGH"": 1}","[""Total_Important_Missing_Count"", ""Important_Missing_Rate"", ""Services_Excluded_Denial_Rate""]","[{""type"": ""MISSINGNESS"", ""feature"": ""Total_Important_Missing_Count"", ""message"": ""10 important data fields are missing or unavailable."", ""value"": 10.0}, {""type"": ""MISSINGNESS"", ""feature"": ""Important_Missing_Rate"", ""message"": ""Important missingness rate is 35.7%."", ""value"": 0.3571428571428571}, {""type"": ""EXTREME_HIGH"", ""feature"": ""Services_Excluded_Denial_Rate"", ""message"": ""Services Excluded Denial Rate = 1.000, above the dataset 99th percentile (0.8640)."", ""value"": 1.0, ""threshold"": 0.8640388588074182}]","10 important data fields are missing or unavailable. Important missingness rate is 35.7%. Services Excluded Denial Rate = 1.000, above the dataset 99th percentile (0.8640)."
94482NC0020008,94482,NC,BEST Life and Health Insurance Company,PPO,Low,FFE,Individual,0.0596181932425524,HIGH,3,HIGH,"{""MISSINGNESS"": 2, ""EXTREME_HIGH"": 1}","[""Total_Important_Missing_Count"", ""Important_Missing_Rate"", ""Services_Excluded_Denial_Rate""]","[{""type"": ""MISSINGNESS"", ""feature"": ""Total_Important_Missing_Count"", ""message"": ""11 important data fields are missing or unavailable."", ""value"": 11.0}, {""type"": ""MISSINGNESS"", ""feature"": ""Important_Missing_Rate"", ""message"": ""Important missingness rate is 39.3%."", ""value"": 0.3928571428571428}, {""type"": ""EXTREME_HIGH"", ""feature"": ""Services_Excluded_Denial_Rate"", ""message"": ""Services Excluded Denial Rate = 0.9231, above the dataset 99th percentile (0.8640)."", ""value"": 0.9230769230769232, ""threshold"": 0.8640388588074182}]","11 important data fields are missing or unavailable. Important missingness rate is 39.3%. Services Excluded Denial Rate = 0.9231, above the dataset 99th percentile (0.8640)."
97462UT0100001,97462,UT,UnitedHealthcare Insurance Company,PPO,High,SPE,Individual,0.0607873824996214,HIGH,2,MEDIUM,"{""MISSINGNESS"": 2}","[""Total_Important_Missing_Count"", ""Important_Missing_Rate""]","[{""type"": ""MISSINGNESS"", ""feature"": ""Total_Important_Missing_Count"", ""message"": ""28 important data fields are missing or unavailable."", ""value"": 28.0}, {""type"": ""MISSINGNESS"", ""feature"": ""Important_Missing_Rate"", ""message"": ""Important missingness rate is 100.0%."", ""value"": 1.0}]",28 important data fields are missing or unavailable. Important missingness rate is 100.0%.
97596OH0580003,97596,OH,Humana Insurance Company,PPO,Low,SPE,Individual,0.0097581994442252,HIGH,1,MEDIUM,"{""MISSINGNESS"": 1}","[""Total_Important_Missing_Count""]","[{""type"": ""MISSINGNESS"", ""feature"": ""Total_Important_Missing_Count"", ""message"": ""6 important data fields are missing or unavailable."", ""value"": 6.0}]",6 important data fields are missing or unavailable.
57601NH0350015,57601,NH,Anthem Health Plans of NH(Anthem BCBS),PPO,Silver,SPE,SHOP,0.00132510318246,HIGH,2,MEDIUM,"{""MISSINGNESS"": 2}","[""Total_Important_Missing_Count"", ""Important_Missing_Rate""]","[{""type"": ""MISSINGNESS"", ""feature"": ""Total_Important_Missing_Count"", ""message"": ""10 important data fields are missing or unavailable."", ""value"": 10.0}, {""type"": ""MISSINGNESS"", ""feature"": ""Important_Missing_Rate"", ""message"": ""Important missingness rate is 35.7%."", ""value"": 0.3571428571428571}]",10 important data fields are missing or unavailable. Important missingness rate is 35.7%.
